origin,ground_truth,latency,hops
RIPE,AF,244.8585,18.5
RIPE,AF,162.90925,18.75
RIPE,AO,200.25425,19.25
RIPE,AO,198.148,19.5
RIPE,AL,106.729,12.5
RIPE,AL,151.757,9.75
RIPE,AL,118.4025,12.25
RIPE,AE,188.882,17.0
RIPE,AE,213.136,19.0
RIPE,AE,251.833,13.75
RIPE,AE,242.22625,20.25
RIPE,AE,203.0935,17.0
RIPE,AE,185.16175,17.25
RIPE,AE,208.7175,18.0
RIPE,AE,182.21025,17.0
RIPE,AE,163.18975,12.5
RIPE,AE,141.98375,17.0
RIPE,AE,158.5875,19.75
RIPE,AE,130.208,18.5
RIPE,AE,127.10225,17.5
RIPE,AE,137.20625,20.5
RIPE,AE,135.28075,13.25
RIPE,AR,223.1995,16.25
RIPE,AR,225.2325,20.25
RIPE,AR,242.33575,18.25
RIPE,AR,247.39325,18.0
RIPE,AR,271.92075,12.25
RIPE,AR,238.3245,15.5
RIPE,AR,244.24525,13.5
RIPE,AR,231.72375,20.0
RIPE,AR,252.454,20.0
RIPE,AR,248.35125,13.5
RIPE,AR,223.3755,16.25
RIPE,AR,229.6235,20.5
RIPE,AR,224.58725,20.5
RIPE,AR,242.19475,18.25
RIPE,AR,235.12725,18.25
RIPE,AR,277.96575,12.0
RIPE,AR,238.77925,15.25
RIPE,AM,95.62,12.0
RIPE,AM,78.0255,11.75
RIPE,AM,95.488,11.75
RIPE,AU,289.9755,17.75
RIPE,AU,314.3695,15.75
RIPE,AU,246.88075,11.25
RIPE,AU,293.30725,13.5
RIPE,AU,273.18725,9.25
RIPE,AU,282.8535,15.0
RIPE,AU,287.316,15.5
RIPE,AU,290.48175,11.0
RIPE,AU,275.59725,13.0
RIPE,AU,282.87925,13.5
RIPE,AU,248.10075,14.25
RIPE,AU,272.52175,3.25
RIPE,AU,267.32375,12.25
RIPE,AU,270.85325,5.25
RIPE,AU,288.52675,11.0
RIPE,AU,260.47025,11.5
RIPE,AU,299.72575,14.5
RIPE,AU,277.643,11.5
RIPE,AU,268.254,20.5
RIPE,AU,269.912,8.5
RIPE,AU,285.03375,17.0
RIPE,AU,285.81625,15.25
RIPE,AU,282.9205,17.25
RIPE,AU,278.1665,11.75
RIPE,AU,298.264,14.5
RIPE,AU,259.88575,11.75
RIPE,AU,267.8855,5.25
RIPE,AU,306.01975,18.0
RIPE,AU,376.30675,14.5
RIPE,AU,271.788,9.75
RIPE,AU,261.0985,20.5
RIPE,AU,289.143,11.5
RIPE,AU,272.913,8.75
RIPE,AU,287.73025,13.25
RIPE,AU,292.94525,13.5
RIPE,AU,275.2965,11.5
RIPE,AU,281.706,16.0
RIPE,AU,304.987,15.25
RIPE,AU,227.179,11.0
RIPE,AU,302.471,13.25
RIPE,AU,267.73325,12.0
RIPE,AU,272.252,3.75
RIPE,AT,54.8925,14.0
RIPE,AT,50.48675,17.25
RIPE,AT,46.771,17.5
RIPE,AT,49.008,14.5
RIPE,AT,45.89025,19.75
RIPE,AT,54.3895,11.0
RIPE,AT,39.33275,18.0
RIPE,AT,48.905,15.0
RIPE,AT,57.41225,14.0
RIPE,AT,37.858,17.0
RIPE,AT,46.18025,14.0
RIPE,AT,42.5245,20.0
RIPE,AT,42.267,15.25
RIPE,AT,40.771,1.25
RIPE,AT,40.53375,19.0
RIPE,AT,52.70225,11.25
RIPE,AT,44.64275,18.5
RIPE,AT,44.148,15.25
RIPE,AT,61.32425,20.0
RIPE,AT,43.2115,19.5
RIPE,AT,41.44475,17.25
RIPE,AT,42.80225,20.25
RIPE,AT,36.55775,10.5
RIPE,AT,43.661,18.25
RIPE,AT,40.923,20.5
RIPE,AT,43.24175,19.5
RIPE,AT,41.487,15.75
RIPE,AT,49.93175,14.0
RIPE,AT,39.7885,17.5
RIPE,AT,40.56875,15.25
RIPE,AT,49.23075,20.0
RIPE,AT,45.2115,10.5
RIPE,AT,39.8325,15.0
RIPE,AT,48.93125,14.75
RIPE,AT,43.518,14.0
RIPE,AT,44.48375,19.0
RIPE,AT,45.915,14.25
RIPE,AT,112.70875,17.75
RIPE,AT,40.79275,15.0
RIPE,AT,46.46325,15.0
RIPE,AT,44.56575,20.75
RIPE,AT,43.02875,17.0
RIPE,AT,46.33825,19.5
RIPE,AT,43.26075,19.75
RIPE,AT,44.05125,19.5
RIPE,AT,42.96075,18.0
RIPE,AT,36.6875,17.0
RIPE,AT,41.09375,17.75
RIPE,AT,51.74925,10.0
RIPE,AT,43.1765,17.25
RIPE,AT,43.973,14.0
RIPE,AT,52.56525,11.0
RIPE,AT,42.66225,19.75
RIPE,AT,41.78025,18.0
RIPE,AT,40.4325,1.75
RIPE,AT,39.84325,20.5
RIPE,AT,42.03525,20.25
RIPE,AZ,96.8615,19.25
RIPE,AZ,91.6345,19.5
RIPE,BE,28.54025,14.0
RIPE,BE,38.84725,15.0
RIPE,BE,29.68175,14.0
RIPE,BE,27.00825,18.0
RIPE,BE,28.70825,12.25
RIPE,BE,26.73525,18.25
RIPE,BE,40.0285,16.0
RIPE,BE,31.261,13.0
RIPE,BE,28.96825,18.25
RIPE,BE,26.87725,1.25
RIPE,BE,40.75975,16.0
RIPE,BE,38.7,18.25
RIPE,BE,29.527,12.25
RIPE,BE,33.064,14.0
RIPE,BE,33.32075,13.0
RIPE,BE,24.31275,14.25
RIPE,BF,134.16,5.75
RIPE,BG,64.276,17.75
RIPE,BG,67.374,19.5
RIPE,BG,55.7855,21.5
RIPE,BG,51.3885,15.0
RIPE,BG,57.0205,19.25
RIPE,BG,52.95775,19.25
RIPE,BG,53.4345,20.75
RIPE,BG,53.142,20.0
RIPE,BG,73.29875,19.25
RIPE,BG,75.24875,19.0
RIPE,BG,56.35575,19.25
RIPE,BG,51.43425,21.0
RIPE,BG,52.75275,21.5
RIPE,BG,64.66075,19.0
RIPE,BG,60.81875,17.25
RIPE,BG,56.50925,19.5
RIPE,BG,52.11,20.5
RIPE,BG,51.395,19.0
RIPE,BG,53.844,19.25
RIPE,BG,70.56225,15.25
RIPE,BG,53.0935,20.0
RIPE,BA,55.536,10.25
RIPE,BA,57.70925,10.25
RIPE,BA,56.7955,10.5
RIPE,BA,59.42375,10.75
RIPE,BY,54.4155,16.25
RIPE,BY,53.884,16.25
RIPE,BO,230.15475,9.5
RIPE,BO,233.35075,9.0
RIPE,BR,186.5345,3.25
RIPE,BR,184.555,19.0
RIPE,BR,187.2955,19.25
RIPE,BR,205.6365,15.0
RIPE,BR,117.788,19.75
RIPE,BR,170.58275,10.25
RIPE,BR,214.2905,19.0
RIPE,BR,167.848,12.0
RIPE,BR,195.60975,17.5
RIPE,BR,198.34975,19.75
RIPE,BR,197.84275,15.25
RIPE,BR,202.6665,19.75
RIPE,BR,196.763,20.0
RIPE,BR,207.67125,8.0
RIPE,BR,196.726,20.0
RIPE,BR,199.19175,15.75
RIPE,BR,172.79875,12.25
RIPE,BR,203.149,15.25
RIPE,BR,201.072,19.25
RIPE,BR,200.77125,19.5
RIPE,BR,196.34175,19.25
RIPE,BR,181.055,3.5
RIPE,BR,160.80625,10.75
RIPE,BR,211.66275,8.0
RIPE,BR,139.56775,19.25
RIPE,BR,191.7715,19.25
RIPE,BR,201.75725,15.5
RIPE,BR,186.15425,19.25
RIPE,BR,210.31475,17.0
RIPE,BR,255.56925,19.75
RIPE,BR,203.54,20.25
RIPE,CA,97.781,9.0
RIPE,CA,106.713,15.0
RIPE,CA,99.7225,13.5
RIPE,CA,109.361,15.25
RIPE,CA,103.11875,12.75
RIPE,CA,107.895,15.5
RIPE,CA,131.47525,13.25
RIPE,CA,173.288,14.0
RIPE,CA,180.623,11.0
RIPE,CA,107.02575,11.5
RIPE,CA,117.348,10.0
RIPE,CA,116.24575,14.0
RIPE,CA,111.83325,12.5
RIPE,CA,149.7275,15.0
RIPE,CA,166.3715,13.25
RIPE,CA,220.19875,12.25
RIPE,CA,149.07025,14.0
RIPE,CA,110.1825,11.25
RIPE,CA,147.76375,14.25
RIPE,CA,110.40025,15.0
RIPE,CA,154.21525,12.5
RIPE,CA,116.57725,10.25
RIPE,CA,148.93,14.5
RIPE,CA,107.367,15.5
RIPE,CA,101.47175,15.5
RIPE,CA,92.1605,9.0
RIPE,CA,144.507,13.75
RIPE,CA,114.629,12.75
RIPE,CA,111.50275,15.75
RIPE,CA,155.19275,12.25
RIPE,CA,110.698,13.25
RIPE,CA,105.01625,11.0
RIPE,CA,124.6315,10.25
RIPE,CA,126.5795,13.5
RIPE,CA,106.8865,10.75
RIPE,CA,104.8735,14.5
RIPE,CA,115.486,12.5
RIPE,CA,93.692,13.5
RIPE,CA,101.7555,13.25
RIPE,CH,37.672,11.75
RIPE,CH,51.81625,14.0
RIPE,CH,48.1545,15.25
RIPE,CH,66.88725,14.0
RIPE,CH,35.0025,11.75
RIPE,CH,38.0365,13.5
RIPE,CH,39.825,11.75
RIPE,CH,58.5855,13.25
RIPE,CH,40.924,14.0
RIPE,CH,43.986,18.0
RIPE,CH,47.906,17.0
RIPE,CH,56.3255,20.5
RIPE,CH,36.913,7.75
RIPE,CH,34.81,15.5
RIPE,CH,35.5555,11.25
RIPE,CH,49.57575,15.0
RIPE,CH,44.15225,12.0
RIPE,CH,56.4375,12.25
RIPE,CH,46.8935,21.75
RIPE,CH,39.74775,13.25
RIPE,CH,58.28575,9.25
RIPE,CH,64.5265,14.25
RIPE,CH,42.6345,13.0
RIPE,CH,59.293,19.0
RIPE,CH,46.0265,16.0
RIPE,CH,53.15775,13.5
RIPE,CH,37.128,12.0
RIPE,CH,45.2755,10.0
RIPE,CH,38.0485,18.5
RIPE,CH,42.8095,16.0
RIPE,CH,39.34425,15.25
RIPE,CH,37.50475,6.0
RIPE,CH,44.50075,16.25
RIPE,CH,44.3505,15.25
RIPE,CH,33.297,14.25
RIPE,CH,38.1755,12.0
RIPE,CH,42.6435,13.25
RIPE,CH,40.1715,13.25
RIPE,CH,36.30475,14.75
RIPE,CH,34.87875,15.75
RIPE,CH,36.80725,1.5
RIPE,CH,44.4535,15.75
RIPE,CH,49.6025,12.25
RIPE,CH,43.7695,10.25
RIPE,CH,35.47975,11.5
RIPE,CH,36.81925,13.75
RIPE,CH,43.87075,13.0
RIPE,CH,43.9905,21.0
RIPE,CH,36.99475,12.0
RIPE,CH,58.277,21.0
RIPE,CH,41.65025,13.25
RIPE,CH,40.2435,7.25
RIPE,CH,41.699,18.0
RIPE,CH,54.31375,11.75
RIPE,CH,41.8775,18.25
RIPE,CH,39.32425,12.0
RIPE,CH,66.47125,9.5
RIPE,CH,37.6105,14.75
RIPE,CH,48.4405,12.5
RIPE,CH,63.13725,14.5
RIPE,CH,50.0575,17.25
RIPE,CL,244.62275,11.25
RIPE,CL,227.54875,7.25
RIPE,CL,230.16725,14.0
RIPE,CL,236.60525,14.75
RIPE,CL,200.20925,20.0
RIPE,CL,201.0685,17.75
RIPE,CL,203.026,19.0
RIPE,CL,220.45875,11.25
RIPE,CL,229.046,11.25
RIPE,CL,202.2285,17.5
RIPE,CL,232.0895,13.75
RIPE,CL,202.7675,20.5
RIPE,CL,201.1075,19.5
RIPE,CL,230.07425,7.0
RIPE,CL,319.1225,11.75
RIPE,CL,274.068,15.5
RIPE,CN,265.51375,16.0
RIPE,CN,255.07875,11.0
RIPE,CN,281.904,20.5
RIPE,CN,210.8755,16.5
RIPE,CN,212.67725,20.0
RIPE,CN,257.2825,11.25
RIPE,CM,245.39325,16.0
RIPE,CM,208.977,16.0
RIPE,CO,270.321,14.0
RIPE,CO,221.53575,18.25
RIPE,CO,204.508,1.75
RIPE,CO,233.622,9.5
RIPE,CO,239.28125,19.5
RIPE,CO,238.68825,14.25
RIPE,CO,268.22,18.5
RIPE,CO,341.778,9.5
RIPE,CO,256.82325,1.5
RIPE,CR,399.99575,18.5
RIPE,CR,692.28825,1.5
RIPE,CR,484.73775,12.25
RIPE,CR,389.179,12.25
RIPE,CR,439.0545,18.0
RIPE,CR,393.47725,1.5
RIPE,CR,389.04375,12.0
RIPE,CZ,160.1,13.5
RIPE,CZ,254.75425,13.25
RIPE,CZ,257.83325,13.25
RIPE,CZ,181.12275,12.25
RIPE,CZ,271.5575,15.25
RIPE,CZ,175.40975,16.25
RIPE,CZ,120.75125,14.0
RIPE,CZ,89.41825,15.25
RIPE,CZ,80.3565,16.75
RIPE,CZ,51.6925,15.0
RIPE,CZ,42.757,14.25
RIPE,CZ,59.9515,16.5
RIPE,CZ,51.664,12.25
RIPE,CZ,51.148,15.5
RIPE,CZ,46.381,13.5
RIPE,CZ,55.6255,14.25
RIPE,CZ,46.16975,13.0
RIPE,CZ,39.23075,14.5
RIPE,CZ,37.7195,12.0
RIPE,CZ,44.635,16.0
RIPE,CZ,45.57875,16.25
RIPE,CZ,42.16275,13.75
RIPE,CZ,43.1435,13.75
RIPE,CZ,37.426,15.5
RIPE,CZ,58.344,15.5
RIPE,CZ,43.9805,13.0
RIPE,CZ,44.38975,14.5
RIPE,CZ,43.4085,14.5
RIPE,CZ,43.561,16.0
RIPE,CZ,39.92875,15.0
RIPE,CZ,56.592,14.25
RIPE,CZ,46.1925,13.75
RIPE,CZ,44.28075,12.0
RIPE,DE,43.931,19.25
RIPE,DE,31.226,17.25
RIPE,DE,56.25725,19.0
RIPE,DE,39.873,14.0
RIPE,DE,64.49475,17.75
RIPE,DE,43.23825,15.5
RIPE,DE,40.07375,19.25
RIPE,DE,41.29325,12.25
RIPE,DE,37.91675,20.5
RIPE,DE,35.3265,17.0
RIPE,DE,30.89075,20.0
RIPE,DE,38.90725,14.25
RIPE,DE,31.30125,20.25
RIPE,DE,43.949,18.75
RIPE,DE,43.302,14.0
RIPE,DE,42.37775,16.0
RIPE,DE,34.7265,18.0
RIPE,DE,26.8275,20.75
RIPE,DE,32.853,20.0
RIPE,DE,50.6915,18.0
RIPE,DE,45.0355,16.25
RIPE,DE,33.1285,17.75
RIPE,DE,32.491,20.25
RIPE,DE,41.42625,18.25
RIPE,DE,29.569,14.5
RIPE,DE,47.442,16.0
RIPE,DE,73.944,10.0
RIPE,DE,39.12925,17.5
RIPE,DE,35.90125,14.0
RIPE,DE,43.78625,17.25
RIPE,DE,69.09525,12.75
RIPE,DE,65.0505,16.25
RIPE,DE,35.6505,18.5
RIPE,DE,39.47975,15.75
RIPE,DE,36.243,16.0
RIPE,DE,32.47875,17.0
RIPE,DE,52.05025,16.0
RIPE,DE,28.625,19.0
RIPE,DE,38.87275,14.0
RIPE,DE,55.065,13.25
RIPE,DE,37.08475,15.25
RIPE,DE,34.355,12.75
RIPE,DE,32.652,20.0
RIPE,DE,62.52425,14.0
RIPE,DE,48.60975,18.25
RIPE,DE,35.12725,16.25
RIPE,DE,33.205,17.75
RIPE,DE,41.343,12.5
RIPE,DE,33.28625,12.75
RIPE,DE,33.2085,17.5
RIPE,DE,35.592,14.0
RIPE,DE,30.39275,12.75
RIPE,DE,31.4815,20.75
RIPE,DE,30.822,16.75
RIPE,DE,35.85975,15.0
RIPE,DE,55.96275,20.25
RIPE,DE,39.44475,20.25
RIPE,DE,46.7575,13.0
RIPE,DE,34.96625,15.0
RIPE,DE,39.03575,17.0
RIPE,DE,33.544,14.0
RIPE,DE,32.5965,15.0
RIPE,DE,32.555,18.25
RIPE,DE,35.483,10.0
RIPE,DE,34.5065,11.75
RIPE,DE,47.75275,9.75
RIPE,DE,29.9315,17.25
RIPE,DE,41.7425,12.25
RIPE,DE,39.35775,16.0
RIPE,DE,32.969,18.5
RIPE,DE,46.105,19.0
RIPE,DE,28.80925,18.75
RIPE,DE,30.054,14.0
RIPE,DE,30.96325,14.25
RIPE,DE,34.5525,20.25
RIPE,DE,45.65475,14.5
RIPE,DE,32.55375,17.0
RIPE,DE,32.65825,15.0
RIPE,DE,31.639,18.5
RIPE,DE,38.87875,18.0
RIPE,DE,41.58825,18.5
RIPE,DE,38.165,18.75
RIPE,DE,34.28175,8.25
RIPE,DE,36.00275,20.0
RIPE,DE,44.619,16.0
RIPE,DE,30.78575,14.75
RIPE,DE,34.6225,21.0
RIPE,DE,35.366,20.0
RIPE,DE,43.5515,13.0
RIPE,DE,42.15175,12.0
RIPE,DE,41.241,14.0
RIPE,DE,36.29475,20.0
RIPE,DE,36.1585,16.5
RIPE,DE,39.0555,16.0
RIPE,DE,30.8835,18.0
RIPE,DE,44.7365,15.25
RIPE,DE,42.823,15.0
RIPE,DE,33.1485,4.5
RIPE,DE,29.87275,18.25
RIPE,DE,46.97575,15.0
RIPE,DE,44.89525,11.0
RIPE,DE,44.0245,16.75
RIPE,DE,30.95175,11.5
RIPE,DE,38.74275,14.25
RIPE,DE,27.7795,18.0
RIPE,DE,43.0035,16.0
RIPE,DE,44.21225,12.25
RIPE,DE,42.01125,19.0
RIPE,DE,44.90875,18.0
RIPE,DE,27.88025,18.0
RIPE,DE,38.302,13.5
RIPE,DE,41.142,14.5
RIPE,DE,38.84675,12.25
RIPE,DE,38.28725,21.0
RIPE,DE,43.78475,15.25
RIPE,DE,44.853,19.0
RIPE,DE,42.4255,20.25
RIPE,DE,32.5685,14.75
RIPE,DE,29.546,18.75
RIPE,DE,38.66975,20.0
RIPE,DE,41.2355,1.25
RIPE,DE,33.50725,11.0
RIPE,DE,33.103,15.0
RIPE,DE,36.856,17.0
RIPE,DE,29.68,15.25
RIPE,DE,37.66025,16.75
RIPE,DE,38.825,16.0
RIPE,DE,34.35625,20.0
RIPE,DE,33.3825,20.75
RIPE,DE,39.653,13.25
RIPE,DE,40.01975,16.0
RIPE,DE,33.0135,15.25
RIPE,DE,39.2175,18.75
RIPE,DE,199.77525,20.0
RIPE,DE,33.54425,18.25
RIPE,DE,28.3655,14.5
RIPE,DE,45.627,14.0
RIPE,DE,31.5495,17.0
RIPE,DE,36.97375,15.5
RIPE,DE,44.00675,18.0
RIPE,DE,33.492,12.5
RIPE,DE,31.2975,18.0
RIPE,DE,44.14625,15.0
RIPE,DE,66.2975,10.75
RIPE,DE,32.848,15.5
RIPE,DE,31.2935,17.75
RIPE,DE,38.63725,12.25
RIPE,DE,45.2805,10.25
RIPE,DE,31.4245,8.0
RIPE,DE,33.79175,20.5
RIPE,DE,46.527,20.0
RIPE,DE,42.62775,20.5
RIPE,DE,42.3085,12.0
RIPE,DE,30.62575,20.5
RIPE,DE,48.5605,18.25
RIPE,DE,46.50225,14.25
RIPE,DE,33.14725,2.0
RIPE,DE,45.4325,15.0
RIPE,DE,47.68075,15.25
RIPE,DE,34.6375,12.25
RIPE,DE,46.23125,18.25
RIPE,DE,29.94925,11.25
RIPE,DE,32.37975,14.0
RIPE,DE,44.64025,15.25
RIPE,DE,45.79375,10.25
RIPE,DE,34.782,14.25
RIPE,DE,28.12125,14.75
RIPE,DE,37.641,12.75
RIPE,DE,30.9035,18.0
RIPE,DE,35.567,11.0
RIPE,DE,29.05025,14.0
RIPE,DE,30.67125,16.75
RIPE,DE,30.01425,18.25
RIPE,DE,28.404,18.0
RIPE,DE,26.19525,17.5
RIPE,DE,31.17025,18.0
RIPE,DE,36.044,19.0
RIPE,DE,37.677,13.5
RIPE,DE,24.39975,21.0
RIPE,DE,31.95525,18.25
RIPE,DE,41.2675,19.75
RIPE,DE,28.54325,20.0
RIPE,DE,35.92175,15.75
RIPE,DE,41.8895,19.25
RIPE,DE,40.57225,19.0
RIPE,DE,29.2645,14.0
RIPE,DE,38.5945,17.0
RIPE,DE,35.078,18.25
RIPE,DE,28.0295,12.5
RIPE,DE,30.10425,17.5
RIPE,DE,31.8485,16.0
RIPE,DE,41.887,12.0
RIPE,DE,30.70375,20.75
RIPE,DE,66.821,14.5
RIPE,DE,44.4825,13.25
RIPE,DE,31.25575,14.25
RIPE,DE,31.09625,21.0
RIPE,DE,26.49525,18.25
RIPE,DE,40.894,18.5
RIPE,DE,45.111,18.0
RIPE,DE,32.42475,13.25
RIPE,DE,26.75625,18.25
RIPE,DE,31.812,18.5
RIPE,DE,30.40925,10.25
RIPE,DE,38.9045,17.75
RIPE,DE,38.979,20.25
RIPE,DE,45.483,13.25
RIPE,DE,36.4485,16.0
RIPE,DE,44.246,19.5
RIPE,DE,29.625,20.0
RIPE,DE,32.56875,12.0
RIPE,DE,51.09125,20.0
RIPE,DE,40.291,17.75
RIPE,DE,35.53375,18.25
RIPE,DE,44.11175,18.0
RIPE,DE,34.7015,19.25
RIPE,DE,32.11325,18.5
RIPE,DE,28.79225,20.0
RIPE,DE,32.93375,18.0
RIPE,DE,33.2205,12.75
RIPE,DE,30.453,17.25
RIPE,DE,49.959,16.0
RIPE,DE,34.082,13.0
RIPE,DE,31.3535,16.25
RIPE,DE,37.996,14.0
RIPE,DE,44.44875,15.0
RIPE,DE,46.244,18.25
RIPE,DE,34.2865,20.5
RIPE,DE,29.46275,17.0
RIPE,DE,47.94775,14.25
RIPE,DE,40.74675,17.25
RIPE,DE,32.4425,15.0
RIPE,DE,33.4435,16.75
RIPE,DE,34.2645,16.75
RIPE,DE,30.81975,17.25
RIPE,DJ,112.71925,8.25
RIPE,DJ,101.3935,8.5
RIPE,DJ,103.0765,8.0
RIPE,DJ,103.55125,8.0
RIPE,DK,38.8805,19.25
RIPE,DK,34.9645,18.5
RIPE,DK,35.91475,19.0
RIPE,DK,41.2275,18.0
RIPE,DK,36.30525,18.25
RIPE,DK,46.2645,19.0
RIPE,DK,42.48975,18.25
RIPE,DK,32.911,18.5
RIPE,DK,50.279,18.25
RIPE,DK,41.10975,18.25
RIPE,DK,38.99025,18.75
RIPE,DK,36.0965,19.5
RIPE,DK,39.34925,19.75
RIPE,DO,137.42575,11.5
RIPE,DO,140.45975,11.0
RIPE,DO,137.4555,12.25
RIPE,DO,139.2745,12.25
RIPE,DO,137.12925,12.0
RIPE,DO,138.76975,11.5
RIPE,DO,138.46925,12.5
RIPE,DO,139.27575,11.25
RIPE,EC,185.543,1.5
RIPE,EC,205.599,9.25
RIPE,EC,190.2965,15.5
RIPE,EC,202.5275,12.0
RIPE,EC,153.79425,12.25
RIPE,EC,192.335,15.5
RIPE,EC,185.37675,1.25
RIPE,EC,187.34625,9.0
RIPE,ES,39.56875,20.75
RIPE,ES,52.4915,17.25
RIPE,ES,43.258,16.5
RIPE,ES,45.51425,16.25
RIPE,ES,48.0215,16.5
RIPE,ES,64.646,17.5
RIPE,ES,40.23975,18.5
RIPE,ES,48.20425,13.25
RIPE,ES,41.96975,17.25
RIPE,ES,40.56175,20.0
RIPE,ES,47.174,12.25
RIPE,ES,62.764,17.25
RIPE,ES,76.0395,16.0
RIPE,ES,122.9465,16.25
RIPE,ES,32.50475,18.0
RIPE,ES,52.84225,13.5
RIPE,ES,61.72675,18.0
RIPE,ES,48.768,20.0
RIPE,ES,50.104,17.25
RIPE,ES,45.454,17.5
RIPE,ES,61.27325,16.25
RIPE,ES,40.95525,20.25
RIPE,ES,40.7255,11.75
RIPE,ES,52.283,17.5
RIPE,EE,50.04775,14.25
RIPE,EE,59.91525,20.25
RIPE,EE,79.5865,13.0
RIPE,EE,54.183,8.75
RIPE,EE,109.38,21.0
RIPE,EE,82.05375,20.0
RIPE,EE,74.9845,8.25
RIPE,EE,53.658,13.75
RIPE,EE,59.36,13.0
RIPE,FI,61.9815,13.25
RIPE,FI,82.40325,14.75
RIPE,FI,63.72925,13.75
RIPE,FI,61.92825,14.0
RIPE,FI,54.02275,19.25
RIPE,FI,61.3615,14.0
RIPE,FI,60.50925,11.5
RIPE,FI,70.77125,15.25
RIPE,FI,61.3895,14.0
RIPE,FI,61.24175,12.25
RIPE,FI,51.8625,16.25
RIPE,FI,52.4575,13.25
RIPE,FI,51.57425,17.5
RIPE,FI,52.14075,17.0
RIPE,FI,64.97775,19.5
RIPE,FI,51.449,18.0
RIPE,FI,53.1745,13.25
RIPE,FI,58.74225,12.0
RIPE,FI,54.07275,17.0
RIPE,FI,68.378,14.25
RIPE,FI,89.59925,13.5
RIPE,FI,69.78825,14.0
RIPE,FI,92.1485,14.25
RIPE,FI,74.21675,19.5
RIPE,FI,58.12475,14.25
RIPE,FI,60.4705,14.25
RIPE,FI,72.09375,19.5
RIPE,FI,86.5845,15.25
RIPE,FI,52.18425,16.5
RIPE,FI,64.39675,11.25
RIPE,FR,26.481,14.25
RIPE,FR,30.1575,14.25
RIPE,FR,43.55275,17.5
RIPE,FR,33.41875,16.25
RIPE,FR,50.775,14.0
RIPE,FR,38.35025,19.25
RIPE,FR,26.87825,13.5
RIPE,FR,55.28775,14.0
RIPE,FR,20.05175,9.5
RIPE,FR,31.283,18.25
RIPE,FR,31.458,15.5
RIPE,FR,32.00825,20.25
RIPE,FR,39.128,15.25
RIPE,FR,53.65775,16.0
RIPE,FR,35.627,16.5
RIPE,FR,26.876,18.5
RIPE,FR,37.512,14.0
RIPE,FR,55.51375,15.25
RIPE,FR,28.95775,12.25
RIPE,FR,24.077,16.0
RIPE,FR,50.999,19.0
RIPE,FR,24.06175,21.0
RIPE,FR,25.4985,16.0
RIPE,FR,24.63375,17.25
RIPE,FR,23.292,14.75
RIPE,FR,23.384,15.75
RIPE,FR,31.46725,16.0
RIPE,FR,36.43525,14.5
RIPE,FR,31.87125,18.0
RIPE,FR,30.8875,14.25
RIPE,FR,32.43975,15.0
RIPE,FR,35.89425,15.5
RIPE,FR,37.09225,16.0
RIPE,FR,30.6825,16.5
RIPE,FR,25.87325,19.0
RIPE,FR,28.89725,20.75
RIPE,FR,29.5265,17.0
RIPE,FR,26.941,14.75
RIPE,FR,22.5365,19.0
RIPE,FR,23.018,16.0
RIPE,FR,22.2515,20.0
RIPE,FR,23.4915,18.75
RIPE,FR,23.54925,16.5
RIPE,FR,23.32825,11.0
RIPE,FR,25.95025,21.75
RIPE,FR,29.607,15.5
RIPE,FR,24.25225,21.0
RIPE,FR,43.466,17.0
RIPE,FR,40.70325,15.5
RIPE,FR,34.77025,16.75
RIPE,FR,34.842,15.25
RIPE,FR,27.77575,16.5
RIPE,FR,22.714,19.25
RIPE,FR,27.67375,20.75
RIPE,FR,24.362,10.25
RIPE,FR,31.169,18.5
RIPE,FR,32.0265,15.25
RIPE,FR,34.98975,16.75
RIPE,FR,34.747,12.0
RIPE,FR,23.58525,1.0
RIPE,FR,28.232,14.5
RIPE,FR,18.74875,10.0
RIPE,FR,33.47175,20.75
RIPE,FR,33.2455,18.0
RIPE,FR,29.8415,16.5
RIPE,FR,23.26425,18.25
RIPE,FR,32.9375,21.0
RIPE,FR,24.8195,16.25
RIPE,FR,39.794,17.0
RIPE,FR,35.39,19.25
RIPE,FR,22.992,19.5
RIPE,FR,22.856,15.25
RIPE,FR,37.398,16.75
RIPE,FR,23.78175,14.25
RIPE,FR,42.7655,14.5
RIPE,FR,30.45225,19.0
RIPE,FR,22.683,16.5
RIPE,FR,26.0285,14.25
RIPE,FR,23.5005,15.0
RIPE,FR,41.22875,14.5
RIPE,FR,22.5235,17.0
RIPE,FR,23.1535,17.25
RIPE,FR,36.62225,15.0
RIPE,FR,25.18775,14.0
RIPE,FR,35.65775,15.0
RIPE,FR,29.87775,15.5
RIPE,FR,25.12,19.0
RIPE,FR,42.533,16.0
RIPE,FR,23.042,15.0
RIPE,FR,31.862,14.5
RIPE,FR,29.05725,16.0
RIPE,FR,23.806,18.75
RIPE,FR,23.9525,16.75
RIPE,FR,30.8945,11.0
RIPE,FR,24.44025,15.75
RIPE,FR,24.05675,15.0
RIPE,FR,26.49275,13.25
RIPE,FM,279.097,16.5
RIPE,FM,290.11275,16.25
RIPE,GB,59.4435,22.0
RIPE,GB,11.49575,23.0
RIPE,GB,32.6755,16.0
RIPE,GB,16.0615,19.5
RIPE,GB,23.8285,15.0
RIPE,GB,19.54075,21.0
RIPE,GB,25.269,20.0
RIPE,GB,23.6785,20.0
RIPE,GB,44.73425,17.25
RIPE,GB,20.03475,17.0
RIPE,GB,17.18525,14.0
RIPE,GB,22.39225,15.0
RIPE,GB,21.489,17.25
RIPE,GB,18.8215,20.25
RIPE,GB,33.9675,20.25
RIPE,GB,18.109,16.0
RIPE,GB,16.23225,15.75
RIPE,GB,18.65875,21.5
RIPE,GB,16.64625,21.0
RIPE,GB,16.34775,20.5
RIPE,GB,24.84575,19.0
RIPE,GB,55.022,20.0
RIPE,GB,18.31275,11.0
RIPE,GB,22.18675,20.0
RIPE,GB,11.696,22.0
RIPE,GB,18.73925,1.0
RIPE,GB,22.5245,20.5
RIPE,GB,13.49175,21.0
RIPE,GB,22.9975,17.75
RIPE,GB,23.57825,15.25
RIPE,GB,22.71525,18.25
RIPE,GB,22.39225,21.5
RIPE,GB,17.09425,21.0
RIPE,GB,16.80725,17.0
RIPE,GB,45.37625,15.0
RIPE,GB,17.3125,20.0
RIPE,GB,50.38975,20.25
RIPE,GB,16.852,21.75
RIPE,GB,23.962,19.0
RIPE,GB,18.3885,19.5
RIPE,GB,17.736,20.0
RIPE,GB,10.292,22.0
RIPE,GB,16.602,15.0
RIPE,GB,35.89575,20.25
RIPE,GB,20.418,15.0
RIPE,GB,22.0835,21.75
RIPE,GB,25.22925,15.5
RIPE,GB,22.42275,15.25
RIPE,GB,21.7495,20.75
RIPE,GB,23.123,14.25
RIPE,GB,20.50025,17.5
RIPE,GB,21.5835,19.25
RIPE,GB,18.34275,17.5
RIPE,GB,16.22275,20.0
RIPE,GB,16.60525,14.25
RIPE,GB,37.00875,17.0
RIPE,GB,18.26175,20.75
RIPE,GB,11.199,23.75
RIPE,GB,189.355,20.0
RIPE,GB,24.942,20.5
RIPE,GB,26.503,19.0
RIPE,GB,35.33525,21.0
RIPE,GB,22.42675,20.5
RIPE,GB,26.422,17.0
RIPE,GB,24.30475,18.0
RIPE,GB,18.81775,21.5
RIPE,GB,30.1195,20.25
RIPE,GB,19.5735,21.0
RIPE,GB,24.176,11.0
RIPE,GB,16.803,19.25
RIPE,GB,21.584,15.25
RIPE,GB,26.9485,16.5
RIPE,GB,9.8225,22.75
RIPE,GB,15.7715,2.0
RIPE,GB,36.23625,20.0
RIPE,GB,11.21925,22.0
RIPE,GB,19.06225,21.25
RIPE,GB,27.77575,17.0
RIPE,GB,22.14125,15.25
RIPE,GE,91.819,13.75
RIPE,GE,100.0,19.25
RIPE,GE,92.247,13.25
RIPE,GE,104.29225,19.75
RIPE,GH,267.529,12.5
RIPE,GH,268.29825,12.25
RIPE,GR,77.3305,15.25
RIPE,GR,72.99725,9.0
RIPE,GR,73.51175,8.25
RIPE,GR,72.90325,9.0
RIPE,GR,58.8945,20.0
RIPE,GR,73.24175,7.75
RIPE,GR,72.54825,15.25
RIPE,GR,68.4465,8.75
RIPE,GR,76.02525,8.75
RIPE,GR,69.051,20.25
RIPE,GT,142.8675,11.25
RIPE,GT,146.965,15.25
RIPE,GT,141.61575,11.5
RIPE,GT,146.6075,15.5
RIPE,GT,141.48125,11.25
RIPE,GU,257.40575,19.25
RIPE,HK,192.67875,16.0
RIPE,HK,200.1075,13.5
RIPE,HK,189.372,16.5
RIPE,HK,185.3625,1.25
RIPE,HK,199.5885,13.5
RIPE,HN,142.8915,13.75
RIPE,HN,140.7855,13.75
RIPE,HR,50.0325,13.25
RIPE,HR,46.11475,13.0
RIPE,HU,71.858,13.5
RIPE,HU,50.392,14.25
RIPE,HU,51.023,13.25
RIPE,HU,48.978,14.0
RIPE,HU,55.0215,14.25
RIPE,ID,201.03075,16.25
RIPE,ID,209.467,18.0
RIPE,ID,195.4315,16.75
RIPE,ID,194.512,14.0
RIPE,ID,243.88,13.0
RIPE,ID,209.28025,15.5
RIPE,ID,186.6,18.5
RIPE,ID,192.099,1.75
RIPE,ID,185.459,11.25
RIPE,ID,197.24775,11.5
RIPE,ID,205.39,14.5
RIPE,ID,202.18175,16.25
RIPE,ID,198.53975,13.5
RIPE,ID,195.198,1.75
RIPE,ID,195.1095,11.25
RIPE,ID,185.69725,1.0
RIPE,ID,187.579,18.75
RIPE,ID,215.14375,19.0
RIPE,ID,195.73025,16.0
RIPE,ID,193.5215,15.25
RIPE,ID,193.552,14.25
RIPE,ID,208.185,11.25
RIPE,IM,37.9835,18.25
RIPE,IM,58.80925,18.0
RIPE,IN,219.014,13.25
RIPE,IN,200.62125,13.25
RIPE,IN,179.02925,17.25
RIPE,IN,155.83175,14.0
RIPE,IN,234.62925,11.25
RIPE,IN,238.06125,10.75
RIPE,IN,195.68125,13.75
RIPE,IN,178.731,18.0
RIPE,IN,197.10625,13.25
RIPE,IN,227.3655,15.5
RIPE,IN,164.08925,13.0
RIPE,IN,249.3895,13.0
RIPE,IE,29.3575,18.5
RIPE,IE,28.72525,18.75
RIPE,IE,14.90425,23.0
RIPE,IE,30.169,18.0
RIPE,IQ,109.75625,20.5
RIPE,IQ,125.12275,20.0
RIPE,IS,58.307,19.25
RIPE,IS,60.70025,19.5
RIPE,IS,57.924,19.25
RIPE,IL,92.80125,18.25
RIPE,IL,82.279,18.0
RIPE,IT,49.1775,19.25
RIPE,IT,54.8965,1.0
RIPE,IT,54.15675,16.75
RIPE,IT,48.6595,12.25
RIPE,IT,48.345,15.25
RIPE,IT,43.0185,12.25
RIPE,IT,41.35775,19.75
RIPE,IT,38.26,17.25
RIPE,IT,45.19825,14.0
RIPE,IT,39.00375,19.75
RIPE,IT,40.8085,18.25
RIPE,IT,42.258,6.25
RIPE,IT,42.37175,18.0
RIPE,IT,42.61625,19.0
RIPE,IT,60.3615,19.0
RIPE,IT,59.73725,19.5
RIPE,IT,52.3815,18.0
RIPE,IT,69.11575,19.0
RIPE,IT,52.157,19.25
RIPE,IT,52.318,22.0
RIPE,IT,42.90225,16.0
RIPE,IT,56.43375,19.0
RIPE,IT,55.78075,19.25
RIPE,IT,51.63475,18.25
RIPE,IT,39.31425,20.75
RIPE,IT,44.98025,19.0
RIPE,IT,47.2845,17.0
RIPE,IT,44.73675,20.25
RIPE,IT,52.26525,15.5
RIPE,IT,40.76825,20.5
RIPE,IT,44.22125,17.25
RIPE,IT,50.862,12.0
RIPE,IT,44.33875,16.25
RIPE,IT,50.69375,21.0
RIPE,IT,56.223,19.75
RIPE,IT,57.0335,19.0
RIPE,IT,45.40825,12.0
RIPE,IT,39.85025,4.75
RIPE,IT,61.9065,19.0
RIPE,IT,40.8235,19.25
RIPE,IT,36.746,19.75
RIPE,IT,52.2655,1.5
RIPE,IT,51.8565,16.5
RIPE,IT,63.812,19.25
RIPE,IT,47.5475,17.0
RIPE,IT,62.2835,19.0
RIPE,IT,51.33575,18.0
RIPE,IT,46.18675,19.25
RIPE,IT,52.58475,19.5
RIPE,IT,41.17775,16.0
RIPE,IT,48.79225,13.25
RIPE,IT,42.11475,19.0
RIPE,IT,42.528,13.25
RIPE,IT,50.4405,18.25
RIPE,IT,49.4005,18.0
RIPE,IT,45.8135,18.75
RIPE,IT,43.04625,18.25
RIPE,JP,333.369,7.0
RIPE,JP,259.7985,11.25
RIPE,JP,278.38075,9.0
RIPE,JP,259.49275,3.0
RIPE,JP,275.89575,17.75
RIPE,JP,231.04675,11.0
RIPE,JP,248.84075,12.0
RIPE,JP,247.5695,9.5
RIPE,JP,247.665,16.0
RIPE,JP,259.5325,20.0
RIPE,JP,254.24525,14.5
RIPE,JP,261.487,11.75
RIPE,JP,249.2695,11.75
RIPE,JP,271.775,17.5
RIPE,JP,249.15675,9.75
RIPE,JP,239.2245,14.0
RIPE,JP,252.90025,16.5
RIPE,JP,253.356,9.75
RIPE,JP,249.077,16.25
RIPE,JP,244.69625,9.75
RIPE,JP,238.004,14.5
RIPE,JP,248.51175,11.25
RIPE,JP,261.6635,1.25
RIPE,JP,272.006,17.75
RIPE,JP,255.3565,11.75
RIPE,JP,251.92225,20.25
RIPE,JP,271.763,2.5
RIPE,JP,265.6215,8.0
RIPE,JP,251.2795,8.75
RIPE,JP,268.66225,10.25
RIPE,JP,239.448,10.5
RIPE,JP,256.29775,16.5
RIPE,JP,249.49825,12.0
RIPE,JP,276.8765,17.25
RIPE,JP,247.61225,14.0
RIPE,KZ,87.671,16.5
RIPE,KZ,96.79075,15.75
RIPE,KZ,87.112,16.5
RIPE,KZ,110.90625,16.5
RIPE,KZ,132.6325,15.0
RIPE,KZ,112.6375,18.25
RIPE,KZ,123.9365,16.0
RIPE,KZ,124.1715,12.25
RIPE,KZ,117.96025,16.25
RIPE,KZ,113.08325,16.75
RIPE,KZ,209.63575,19.0
RIPE,KZ,105.818,11.5
RIPE,KZ,113.2955,1.25
RIPE,KZ,118.35175,16.5
RIPE,KZ,119.22175,17.25
RIPE,KZ,117.4695,16.5
RIPE,KZ,130.6245,16.0
RIPE,KZ,132.13275,16.0
RIPE,KZ,134.855,11.0
RIPE,KZ,115.08975,16.0
RIPE,KZ,132.103,11.25
RIPE,KZ,129.2855,11.0
RIPE,KZ,88.129,17.0
RIPE,KZ,108.8565,12.25
RIPE,KZ,139.59175,16.25
RIPE,KZ,127.448,15.75
RIPE,KZ,113.57675,17.25
RIPE,KZ,92.44025,15.0
RIPE,KZ,106.06525,11.5
RIPE,KZ,133.50775,10.75
RIPE,KZ,127.9955,11.5
RIPE,KZ,107.91075,11.75
RIPE,KZ,118.4595,17.0
RIPE,KZ,118.9445,16.0
RIPE,KZ,117.14575,11.0
RIPE,KZ,127.843,16.0
RIPE,KZ,114.88725,16.25
RIPE,KZ,127.80625,14.75
RIPE,KZ,113.3475,18.25
RIPE,KZ,131.7075,16.25
RIPE,KZ,115.67275,1.25
RIPE,KZ,111.21925,16.75
RIPE,KZ,104.8045,16.25
RIPE,KZ,108.182,1.0
RIPE,KZ,86.04375,17.75
RIPE,KZ,88.695,17.25
RIPE,KZ,113.0875,12.5
RIPE,KZ,207.26725,19.25
RIPE,KZ,108.9995,16.25
RIPE,KZ,87.51425,16.25
RIPE,KE,188.10775,14.25
RIPE,KE,150.4025,5.25
RIPE,KE,172.91575,16.0
RIPE,KE,173.6355,15.75
RIPE,KE,155.081,5.75
RIPE,KE,184.46775,14.25
RIPE,KG,112.5715,17.25
RIPE,KG,124.46025,17.75
RIPE,KR,442.9745,17.5
RIPE,KR,225.5185,12.25
RIPE,KR,256.04625,2.5
RIPE,KR,330.64675,20.75
RIPE,KR,275.6605,17.0
RIPE,KR,184.519,12.25
RIPE,KR,280.02425,20.0
RIPE,KR,249.4285,1.0
RIPE,LA,233.26,12.25
RIPE,LA,229.132,12.5
RIPE,LB,78.5825,20.25
RIPE,LB,73.4535,21.0
RIPE,LK,237.8375,7.0
RIPE,LK,294.098,4.25
RIPE,LK,275.22275,5.0
RIPE,LK,215.90725,7.75
RIPE,LK,292.904,4.75
RIPE,LK,287.6545,5.25
RIPE,LT,62.92375,17.0
RIPE,LT,65.84925,16.25
RIPE,LT,57.23325,8.0
RIPE,LT,50.9445,18.5
RIPE,LT,58.566,17.0
RIPE,LT,64.007,17.0
RIPE,LT,51.1905,18.25
RIPE,LT,59.79675,9.0
RIPE,LU,39.887,18.25
RIPE,LU,31.46825,18.25
RIPE,LU,40.657,17.0
RIPE,LU,29.59575,15.0
RIPE,LU,30.75025,15.75
RIPE,LU,32.75775,17.5
RIPE,LU,31.56975,14.25
RIPE,LU,38.93925,16.0
RIPE,LU,39.5335,13.0
RIPE,LU,32.87325,19.0
RIPE,LU,38.648,17.0
RIPE,LU,30.7175,15.25
RIPE,LU,35.2055,18.0
RIPE,LU,40.2525,13.5
RIPE,LU,32.937,18.75
RIPE,LU,32.2585,17.0
RIPE,LU,29.843,17.5
RIPE,LU,28.71325,15.25
RIPE,LU,32.487,16.5
RIPE,LU,32.82075,19.25
RIPE,LU,30.78275,14.25
RIPE,LV,58.78725,12.0
RIPE,LV,55.66925,12.0
RIPE,MD,58.47375,18.0
RIPE,MD,74.91275,18.75
RIPE,MV,179.87725,15.25
RIPE,MV,139.47,15.0
RIPE,MV,185.92875,15.25
RIPE,MX,155.15625,5.0
RIPE,MX,141.399,8.75
RIPE,MX,150.93475,8.0
RIPE,MX,152.97,4.75
RIPE,MX,137.1365,10.25
RIPE,MX,185.826,18.25
RIPE,MX,184.68425,18.0
RIPE,MX,137.647,10.25
RIPE,MX,141.15125,8.75
RIPE,MX,158.70575,5.5
RIPE,MX,153.048,4.5
RIPE,MX,151.341,8.75
RIPE,MK,58.10775,15.5
RIPE,MK,60.45,15.5
RIPE,MN,144.75225,13.5
RIPE,MN,138.56275,13.75
RIPE,MN,138.84925,13.25
RIPE,MZ,204.63925,20.0
RIPE,MZ,178.06425,20.25
RIPE,MU,197.637,14.0
RIPE,MU,219.4015,15.25
RIPE,MU,222.154,15.75
RIPE,MU,225.20375,14.75
RIPE,MY,186.56425,19.0
RIPE,MY,197.8705,20.75
RIPE,MY,178.49375,18.25
RIPE,MY,196.778,10.25
RIPE,MY,176.42575,13.0
RIPE,MY,194.30025,20.25
RIPE,MY,185.8,18.25
RIPE,MY,198.43,10.75
RIPE,MY,175.40275,13.25
RIPE,MY,178.39225,18.0
RIPE,NC,325.597,14.0
RIPE,NC,324.36625,13.75
RIPE,NG,144.0555,1.25
RIPE,NG,145.4975,18.0
RIPE,NG,130.43625,17.75
RIPE,NG,141.14675,1.5
RIPE,NL,57.39175,16.5
RIPE,NL,40.36375,18.25
RIPE,NL,25.5125,18.0
RIPE,NL,27.276,16.25
RIPE,NL,27.84375,14.5
RIPE,NL,26.631,14.0
RIPE,NL,24.81325,11.25
RIPE,NL,37.39225,13.25
RIPE,NL,27.57,15.0
RIPE,NL,29.96125,12.0
RIPE,NL,27.545,20.0
RIPE,NL,288.872,14.5
RIPE,NL,25.95075,20.5
RIPE,NL,91.2495,15.25
RIPE,NL,39.81925,15.5
RIPE,NL,28.77,20.25
RIPE,NL,26.398,17.0
RIPE,NL,28.583,17.25
RIPE,NL,34.89225,18.25
RIPE,NL,25.8045,15.5
RIPE,NL,28.5365,17.5
RIPE,NL,72.132,16.0
RIPE,NL,44.0565,20.25
RIPE,NL,23.041,15.25
RIPE,NL,43.604,12.25
RIPE,NL,44.723,16.0
RIPE,NL,37.53475,16.25
RIPE,NL,25.163,14.25
RIPE,NL,32.746,14.5
RIPE,NL,27.9415,15.5
RIPE,NL,32.016,17.0
RIPE,NL,27.29325,19.5
RIPE,NL,28.8325,20.5
RIPE,NL,26.55075,18.5
RIPE,NL,27.9445,20.0
RIPE,NL,26.34925,13.0
RIPE,NL,23.65025,19.0
RIPE,NL,36.0435,19.0
RIPE,NL,28.12275,14.5
RIPE,NL,26.7755,16.0
RIPE,NL,27.45925,15.0
RIPE,NL,29.4995,16.75
RIPE,NL,28.9775,21.0
RIPE,NL,24.83425,16.75
RIPE,NL,24.4555,15.0
RIPE,NL,38.09675,14.0
RIPE,NL,31.94425,15.25
RIPE,NL,26.68775,15.25
RIPE,NL,27.02625,12.0
RIPE,NL,23.3775,17.0
RIPE,NL,26.482,13.5
RIPE,NL,39.56325,17.0
RIPE,NL,26.465,18.25
RIPE,NL,30.006,19.0
RIPE,NL,28.485,15.25
RIPE,NL,29.20525,18.75
RIPE,NL,25.51,18.25
RIPE,NL,28.07675,14.25
RIPE,NL,24.214,16.0
RIPE,NL,27.64675,17.0
RIPE,NL,31.4165,20.75
RIPE,NL,26.413,12.0
RIPE,NL,34.5665,19.0
RIPE,NL,29.9825,14.75
RIPE,NL,25.71325,17.75
RIPE,NL,26.67575,14.25
RIPE,NL,28.0015,17.0
RIPE,NL,28.14675,21.0
RIPE,NL,25.43175,18.25
RIPE,NL,38.02275,12.5
RIPE,NL,24.88775,18.75
RIPE,NL,37.331,13.0
RIPE,NL,32.41075,17.0
RIPE,NL,27.357,16.0
RIPE,NL,29.28425,22.0
RIPE,NL,29.39725,14.25
RIPE,NL,29.24975,15.0
RIPE,NL,38.65875,11.25
RIPE,NL,45.3945,12.25
RIPE,NL,26.583,14.25
RIPE,NL,26.4255,14.0
RIPE,NL,43.51075,18.0
RIPE,NL,49.6085,18.75
RIPE,NL,40.67,16.75
RIPE,NL,42.018,19.5
RIPE,NL,70.23025,14.5
RIPE,NL,63.5745,16.5
RIPE,NL,31.0005,18.5
RIPE,NL,90.04475,18.75
RIPE,NL,57.02925,17.75
RIPE,NL,35.2505,15.0
RIPE,NL,36.125,15.25
RIPE,NL,22.554,18.0
RIPE,NL,43.236,12.0
RIPE,NL,39.32375,15.75
RIPE,NL,32.89525,18.0
RIPE,NL,25.9535,14.75
RIPE,NL,39.3105,19.0
RIPE,NL,31.22375,15.25
RIPE,NL,48.0955,15.25
RIPE,NL,34.352,16.25
RIPE,NL,32.5775,20.5
RIPE,NL,27.58875,20.75
RIPE,NL,48.7235,16.25
RIPE,NL,28.88,15.25
RIPE,NL,35.6945,19.5
RIPE,NL,42.497,20.75
RIPE,NL,34.7615,20.5
RIPE,NL,24.14375,17.75
RIPE,NL,40.96725,14.0
RIPE,NL,31.454,19.25
RIPE,NL,40.07725,16.0
RIPE,NL,33.471,15.0
RIPE,NL,25.93325,16.5
RIPE,NL,27.4035,15.25
RIPE,NL,31.42925,16.25
RIPE,NL,36.65975,13.0
RIPE,NL,279.9325,14.25
RIPE,NL,31.3195,12.0
RIPE,NL,33.8715,19.75
RIPE,NL,31.74125,16.0
RIPE,NL,43.42925,17.25
RIPE,NL,38.20675,15.0
RIPE,NO,44.1705,15.5
RIPE,NO,52.77875,15.0
RIPE,NO,49.319,16.0
RIPE,NO,39.58875,16.0
RIPE,NO,42.91675,14.0
RIPE,NO,47.40425,10.5
RIPE,NO,43.7955,14.0
RIPE,NO,39.45975,16.5
RIPE,NO,49.063,16.0
RIPE,NO,47.2315,10.25
RIPE,NO,44.48625,14.5
RIPE,NO,64.13675,15.0
RIPE,NO,39.83775,15.25
RIPE,NP,289.3035,8.75
RIPE,NP,282.67725,6.5
RIPE,NP,282.79425,6.5
RIPE,NP,287.984,8.0
RIPE,NZ,273.726,9.5
RIPE,NZ,297.23825,11.25
RIPE,NZ,295.24475,10.25
RIPE,NZ,286.0695,10.75
RIPE,NZ,292.061,7.25
RIPE,NZ,288.69825,8.5
RIPE,NZ,286.28525,6.25
RIPE,NZ,308.972,15.25
RIPE,NZ,289.592,10.25
RIPE,NZ,287.737,7.0
RIPE,NZ,303.19475,10.0
RIPE,NZ,300.6215,9.75
RIPE,NZ,277.0635,7.5
RIPE,NZ,304.08675,16.0
RIPE,NZ,285.86725,7.5
RIPE,NZ,304.48725,8.5
RIPE,NZ,281.525,6.25
RIPE,NZ,286.2345,10.75
RIPE,OM,148.78925,1.5
RIPE,PK,175.07475,11.5
RIPE,PK,169.569,11.0
RIPE,PA,173.641,14.0
RIPE,PA,170.24675,14.0
RIPE,PE,184.63875,15.0
RIPE,PE,174.075,18.25
RIPE,PE,170.5905,20.75
RIPE,PE,177.919,17.75
RIPE,PE,186.5725,14.75
RIPE,PE,172.23,20.5
RIPE,PE,170.5345,20.5
RIPE,PH,216.124,7.0
RIPE,PH,207.20975,20.0
RIPE,PH,248.87125,8.5
RIPE,PH,249.79475,12.5
RIPE,PH,278.21375,11.75
RIPE,PH,316.96125,7.75
RIPE,PH,211.30275,20.75
RIPE,PH,273.33325,10.75
RIPE,PH,244.114,8.75
RIPE,PH,250.442,12.25
RIPE,PW,279.49125,8.0
RIPE,PW,258.9495,8.25
RIPE,PL,54.29675,19.25
RIPE,PL,49.33225,19.5
RIPE,PL,42.7105,14.25
RIPE,PL,61.66825,20.25
RIPE,PL,64.07625,17.75
RIPE,PL,70.71825,20.5
RIPE,PL,53.2795,7.5
RIPE,PL,58.184,16.0
RIPE,PL,52.425,10.0
RIPE,PL,43.6295,13.25
RIPE,PL,65.75375,19.0
RIPE,PL,47.3365,21.25
RIPE,PL,62.42625,11.0
RIPE,PL,47.09625,18.25
RIPE,PL,65.4425,17.25
RIPE,PL,53.34025,10.5
RIPE,PL,43.77225,18.25
RIPE,PL,53.119,7.0
RIPE,PL,50.018,16.75
RIPE,PL,56.096,10.5
RIPE,PL,55.7475,19.25
RIPE,PL,50.80125,13.5
RIPE,PL,63.4145,20.0
RIPE,PL,57.42025,19.5
RIPE,PL,48.328,19.5
RIPE,PL,46.44075,21.0
RIPE,PL,47.736,14.5
RIPE,PL,62.3645,19.25
RIPE,PT,67.3405,10.0
RIPE,PT,68.8175,11.75
RIPE,PT,75.52975,12.75
RIPE,PT,70.275,12.75
RIPE,PT,68.09325,12.75
RIPE,PT,59.24075,10.5
RIPE,RO,54.16175,16.0
RIPE,RO,71.516,12.5
RIPE,RO,79.32,17.25
RIPE,RO,81.09675,20.5
RIPE,RO,61.91725,17.75
RIPE,RO,76.34275,16.0
RIPE,RO,63.9535,17.0
RIPE,RO,53.7425,17.75
RIPE,RO,59.03125,17.5
RIPE,RO,67.3,17.5
RIPE,RO,69.546,17.5
RIPE,RO,69.193,12.25
RIPE,RO,61.3125,16.25
RIPE,RO,63.7845,20.25
RIPE,RO,68.626,17.25
RIPE,RO,52.9065,16.0
RIPE,RU,165.3015,17.75
RIPE,RU,68.84425,18.0
RIPE,RU,69.6405,10.0
RIPE,RU,232.91625,14.0
RIPE,RU,62.54575,18.5
RIPE,RU,72.866,17.25
RIPE,RU,52.73475,14.75
RIPE,RU,71.733,14.25
RIPE,RU,105.87,15.0
RIPE,RU,63.5335,15.5
RIPE,RU,63.70125,18.25
RIPE,RU,70.4605,12.25
RIPE,RU,67.0065,12.25
RIPE,RU,69.74075,17.25
RIPE,RU,65.58525,19.0
RIPE,RU,89.35275,12.25
RIPE,RU,120.1075,18.25
RIPE,RU,75.971,15.0
RIPE,RU,117.0285,12.75
RIPE,RU,62.67925,19.0
RIPE,RU,61.5645,18.0
RIPE,RU,65.93275,12.5
RIPE,RU,69.8485,10.0
RIPE,RU,115.62825,18.75
RIPE,RU,68.34925,12.5
RIPE,RU,171.14225,11.25
RIPE,RU,71.38325,18.0
RIPE,RU,159.55425,17.5
RIPE,RU,67.49675,19.0
RIPE,RU,63.6105,15.5
RIPE,RU,93.131,12.5
RIPE,RU,64.48625,18.0
RIPE,RU,72.24025,14.25
RIPE,RU,130.44125,15.5
RIPE,RU,240.19525,14.5
RIPE,RU,69.52575,18.25
RIPE,RU,59.20925,14.25
RIPE,RU,66.1425,17.25
RIPE,RU,77.52,13.5
RIPE,RU,61.623,18.75
RIPE,RU,73.2145,15.0
RIPE,RU,122.9065,13.0
RIPE,RU,72.37975,17.25
RIPE,SA,103.4365,17.5
RIPE,SA,117.341,14.0
RIPE,SA,96.77,20.25
RIPE,SA,96.004,17.25
RIPE,SA,96.60325,20.25
RIPE,SA,111.87125,14.0
RIPE,SG,173.91475,13.5
RIPE,SG,185.32125,15.25
RIPE,SG,177.43175,14.25
RIPE,SG,174.88475,14.0
RIPE,SG,184.2425,5.25
RIPE,SG,170.92725,14.0
RIPE,SG,185.59275,16.0
RIPE,SG,179.94675,9.75
RIPE,SG,189.529,14.5
RIPE,SG,177.71275,21.0
RIPE,SG,171.2295,15.25
RIPE,SG,174.82225,20.5
RIPE,SG,180.6185,19.75
RIPE,SG,176.7555,16.0
RIPE,SG,254.3755,19.5
RIPE,SG,200.66275,10.0
RIPE,SG,179.84925,18.25
RIPE,SG,177.26075,19.25
RIPE,SG,183.411,15.5
RIPE,SG,174.663,15.5
RIPE,SG,181.50025,18.25
RIPE,SG,184.615,13.25
RIPE,SG,183.67775,15.25
RIPE,SG,184.54475,18.25
RIPE,SG,180.49375,13.25
RIPE,SG,175.7705,15.25
RIPE,SG,188.45725,17.5
RIPE,SG,173.33575,11.25
RIPE,SG,180.27425,19.0
RIPE,SG,189.378,16.0
RIPE,SG,187.2705,13.25
RIPE,SG,183.229,20.25
RIPE,SG,195.27925,5.75
RIPE,SG,188.7815,13.0
RIPE,SG,173.132,15.5
RIPE,SG,183.43775,19.0
RIPE,SG,187.7865,14.0
RIPE,SG,179.517,18.0
RIPE,SG,169.3485,15.5
RIPE,SG,199.33675,1.5
RIPE,SG,184.91775,18.25
RIPE,SG,188.58175,13.5
RIPE,SG,185.0265,14.25
RIPE,SG,258.4635,19.25
RIPE,SG,185.55975,17.25
RIPE,SG,225.3085,10.75
RIPE,SG,174.44225,21.25
RIPE,SG,171.921,13.5
RIPE,SG,188.6425,15.0
RIPE,SL,147.909,14.5
RIPE,SL,158.675,13.75
RIPE,SV,159.018,13.0
RIPE,SV,156.808,11.0
RIPE,SV,156.13425,10.25
RIPE,SV,153.7165,11.25
RIPE,SV,156.155,11.5
RIPE,SV,154.20775,13.5
RIPE,SV,156.85875,10.5
RIPE,RS,54.89475,15.25
RIPE,RS,49.683,19.0
RIPE,RS,62.401,11.25
RIPE,RS,52.67625,15.25
RIPE,RS,66.22525,11.0
RIPE,RS,49.27325,18.0
RIPE,RS,44.5535,16.25
RIPE,RS,50.53075,15.25
RIPE,RS,57.08225,11.25
RIPE,SK,54.0695,14.0
RIPE,SK,50.737,15.5
RIPE,SK,51.07375,1.0
RIPE,SK,51.185,14.5
RIPE,SK,47.60975,15.75
RIPE,SI,49.941,19.0
RIPE,SI,46.207,15.25
RIPE,SI,52.9295,13.0
RIPE,SI,48.1415,15.0
RIPE,SI,46.1815,14.0
RIPE,SI,44.4265,15.0
RIPE,SI,45.51925,19.25
RIPE,SE,65.3935,15.5
RIPE,SE,63.6655,18.0
RIPE,SE,50.36525,11.0
RIPE,SE,39.181,13.0
RIPE,SE,38.92675,14.0
RIPE,SE,48.56825,16.25
RIPE,SE,58.39825,20.25
RIPE,SE,51.54525,18.25
RIPE,SE,44.62525,15.0
RIPE,SE,44.02875,12.25
RIPE,SE,48.01275,6.0
RIPE,SE,47.63425,11.25
RIPE,SE,49.71575,15.75
RIPE,SE,43.2625,14.25
RIPE,SE,55.7075,15.25
RIPE,SE,57.4675,10.25
RIPE,SE,43.3295,14.5
RIPE,SE,33.99925,14.75
RIPE,SE,36.75675,12.5
RIPE,SE,50.05425,18.75
RIPE,SE,44.6405,14.5
RIPE,SE,48.756,13.0
RIPE,SE,50.3255,11.0
RIPE,SE,49.0745,15.25
RIPE,SE,45.84025,16.5
RIPE,SE,66.96075,18.0
RIPE,SE,58.6335,20.5
RIPE,SE,57.91025,15.0
RIPE,SE,56.21775,11.0
RIPE,SE,47.0035,14.5
RIPE,SE,47.801,11.0
RIPE,SE,46.83225,14.5
RIPE,SE,62.99725,15.25
RIPE,SE,49.89325,6.5
RIPE,TH,238.0595,13.5
RIPE,TH,205.60525,20.5
RIPE,TH,221.1005,13.25
RIPE,TH,215.18675,20.25
RIPE,TJ,112.69875,11.0
RIPE,TJ,145.80875,13.0
RIPE,TJ,113.424,11.75
RIPE,TJ,129.565,13.75
RIPE,TT,167.36,8.25
RIPE,TT,167.4585,7.75
RIPE,TR,84.78825,15.25
RIPE,TR,59.934,16.75
RIPE,TR,72.43975,7.0
RIPE,TR,70.82275,18.25
RIPE,TR,72.922,17.0
RIPE,TR,59.7105,15.5
RIPE,TR,71.5425,13.25
RIPE,TR,65.20525,15.0
RIPE,TR,72.0485,17.0
RIPE,TR,112.3995,5.25
RIPE,TR,85.46875,8.0
RIPE,TR,73.9215,16.25
RIPE,TR,69.709,14.0
RIPE,TR,82.8695,7.25
RIPE,TR,69.60925,5.5
RIPE,TR,74.90075,6.75
RIPE,TR,82.88275,17.5
RIPE,TR,101.50625,17.0
RIPE,TR,97.65425,7.25
RIPE,TR,71.37125,18.0
RIPE,TR,66.81975,15.25
RIPE,TR,101.1135,13.25
RIPE,TR,73.6215,15.5
RIPE,TR,77.17225,15.5
RIPE,TV,343.2135,16.25
RIPE,TV,345.917,16.0
RIPE,TW,243.032,16.25
RIPE,TW,241.1775,14.75
RIPE,TW,257.44275,15.0
RIPE,TW,272.46575,6.75
RIPE,TW,226.56825,13.25
RIPE,TW,249.3465,14.25
RIPE,TW,250.60175,14.0
RIPE,TW,225.9225,20.25
RIPE,TW,244.339,11.5
RIPE,TW,263.9865,13.25
RIPE,TW,224.7595,20.25
RIPE,TW,210.10625,16.75
RIPE,TW,33.60825,11.75
RIPE,TW,253.405,15.5
RIPE,TW,243.664,11.75
RIPE,TW,249.8715,14.25
RIPE,TW,221.3395,13.0
RIPE,TW,218.99775,17.0
RIPE,TW,246.58025,14.5
RIPE,TW,265.8585,6.25
RIPE,TW,253.7275,13.25
RIPE,TZ,191.89075,15.0
RIPE,TZ,190.94775,15.5
RIPE,UG,169.1735,14.75
RIPE,UG,166.20175,15.25
RIPE,UA,64.96175,13.0
RIPE,UA,91.20525,9.0
RIPE,UA,85.1355,8.25
RIPE,UA,59.48325,13.5
RIPE,UA,60.4395,21.5
RIPE,UA,72.36575,18.5
RIPE,UA,57.52575,12.5
RIPE,UA,69.452,16.75
RIPE,UA,67.55,11.5
RIPE,UA,69.91075,17.25
RIPE,UA,82.5715,16.25
RIPE,UA,76.5655,8.5
RIPE,UA,73.35275,11.25
RIPE,UA,74.65675,17.25
RIPE,UA,103.4395,9.75
RIPE,UA,56.08825,19.0
RIPE,UA,63.7815,12.75
RIPE,UA,64.621,13.0
RIPE,UA,71.486,16.75
RIPE,UA,74.188,18.75
RIPE,UA,109.10825,17.25
RIPE,UA,75.9755,21.25
RIPE,UA,90.05175,16.25
RIPE,UA,53.03275,18.25
RIPE,UA,69.5655,21.0
RIPE,UA,68.93225,12.25
RIPE,UY,228.72125,18.75
RIPE,UY,226.4305,14.75
RIPE,UY,272.40125,18.5
RIPE,UY,252.484,14.0
RIPE,UY,245.3865,18.25
RIPE,US,259.8925,11.25
RIPE,US,262.37525,18.0
RIPE,US,136.8305,14.25
RIPE,US,106.56525,12.25
RIPE,US,130.24825,19.25
RIPE,US,156.42425,5.0
RIPE,US,138.7315,16.25
RIPE,US,114.05875,10.0
RIPE,US,118.81575,15.5
RIPE,US,114.40225,16.75
RIPE,US,108.19025,16.5
RIPE,US,142.96,18.0
RIPE,US,127.94425,15.25
RIPE,US,109.00275,11.5
RIPE,US,106.6725,11.25
RIPE,US,125.307,20.0
RIPE,US,131.298,14.25
RIPE,US,104.3645,14.5
RIPE,US,104.692,15.5
RIPE,US,103.237,17.0
RIPE,US,148.3865,18.75
RIPE,US,128.75625,17.75
RIPE,US,125.1585,11.0
RIPE,US,140.82825,16.5
RIPE,US,130.885,9.0
RIPE,US,105.6155,17.25
RIPE,US,155.23875,8.0
RIPE,US,105.44525,19.75
RIPE,US,99.357,18.0
RIPE,US,149.69575,16.25
RIPE,US,149.55625,15.25
RIPE,US,155.873,11.75
RIPE,US,154.727,15.5
RIPE,US,173.91075,15.25
RIPE,US,180.48525,13.5
RIPE,US,172.2735,14.75
RIPE,US,374.418,16.25
RIPE,US,343.601,15.75
RIPE,US,289.30825,15.5
RIPE,US,425.75725,13.25
RIPE,US,315.2175,15.5
RIPE,US,350.31625,13.25
RIPE,US,226.67275,14.5
RIPE,US,260.7855,12.25
RIPE,US,155.329,16.0
RIPE,US,321.06175,17.5
RIPE,US,452.36775,14.25
RIPE,US,317.374,8.5
RIPE,US,405.5895,19.5
RIPE,US,389.84875,5.5
RIPE,US,353.89575,18.5
RIPE,US,365.2745,16.5
RIPE,US,207.9495,14.5
RIPE,US,155.6315,13.25
RIPE,US,381.67825,15.5
RIPE,US,305.35025,21.25
RIPE,US,316.2105,7.0
RIPE,US,166.52575,12.25
RIPE,US,163.577,11.75
RIPE,US,176.327,9.0
RIPE,US,231.26725,13.5
RIPE,US,266.138,10.75
RIPE,US,164.764,18.0
RIPE,US,162.29225,16.25
RIPE,US,186.95775,15.0
RIPE,US,197.84425,20.0
RIPE,US,216.19825,12.0
RIPE,US,170.969,11.75
RIPE,US,114.021,11.5
RIPE,US,121.6795,15.5
RIPE,US,133.915,12.5
RIPE,US,116.71325,21.0
RIPE,US,155.6775,12.25
RIPE,US,126.7755,15.25
RIPE,US,135.87175,14.75
RIPE,US,159.71425,12.0
RIPE,US,165.04025,12.75
RIPE,US,178.34225,19.25
RIPE,US,147.639,12.5
RIPE,US,240.325,12.0
RIPE,US,241.18275,7.25
RIPE,US,210.634,13.5
RIPE,US,200.623,13.75
RIPE,US,130.69,18.0
RIPE,US,166.99975,21.75
RIPE,US,98.35075,17.75
RIPE,US,120.397,14.5
RIPE,US,169.56925,14.25
RIPE,US,173.62625,9.5
RIPE,US,162.3795,13.0
RIPE,US,177.551,1.25
RIPE,US,164.16975,8.25
RIPE,US,160.58175,4.0
RIPE,US,104.48675,12.5
RIPE,US,89.45725,16.0
RIPE,US,118.378,13.0
RIPE,US,126.559,13.25
RIPE,US,152.419,16.0
RIPE,US,159.25125,12.5
RIPE,US,97.72225,21.25
RIPE,US,112.4055,15.25
RIPE,US,255.2905,18.25
RIPE,US,97.645,18.5
RIPE,US,102.3905,18.25
RIPE,US,106.219,15.5
RIPE,US,132.2875,13.5
RIPE,US,172.7295,2.25
RIPE,US,183.716,9.5
RIPE,US,125.09275,15.0
RIPE,US,124.573,15.0
RIPE,US,106.927,12.5
RIPE,US,165.64475,11.0
RIPE,US,117.167,16.0
RIPE,US,158.773,15.0
RIPE,US,158.04925,11.5
RIPE,US,173.13575,16.25
RIPE,US,163.482,15.0
RIPE,US,156.5965,11.5
RIPE,US,159.64,14.25
RIPE,US,187.45475,13.25
RIPE,US,148.33575,13.75
RIPE,US,110.8085,19.0
RIPE,US,127.5695,18.25
RIPE,US,98.033,16.25
RIPE,US,150.958,10.0
RIPE,US,158.4905,18.25
RIPE,US,168.237,15.0
RIPE,US,171.023,12.5
RIPE,US,136.961,11.5
RIPE,US,132.15225,9.25
RIPE,US,136.01525,9.5
RIPE,US,93.5105,14.5
RIPE,US,125.13025,13.5
RIPE,US,103.3165,13.25
RIPE,US,101.2955,15.25
RIPE,US,100.507,17.75
RIPE,US,95.11825,17.5
RIPE,US,168.22525,11.0
RIPE,US,105.66425,8.75
RIPE,US,101.71,15.75
RIPE,US,98.3075,22.0
RIPE,US,125.65775,18.5
RIPE,US,123.59275,16.0
RIPE,US,105.46825,20.0
RIPE,US,118.3345,12.25
RIPE,US,104.94925,18.25
RIPE,US,115.719,18.75
RIPE,US,156.477,14.25
RIPE,US,157.71925,8.5
RIPE,US,165.8115,13.0
RIPE,US,161.213,18.5
RIPE,US,289.00675,11.25
RIPE,US,135.9765,12.25
RIPE,US,147.5305,9.75
RIPE,US,168.8875,12.5
RIPE,US,121.1935,11.0
RIPE,US,389.38625,16.25
RIPE,US,199.682,15.5
RIPE,US,338.85575,13.75
RIPE,US,328.2385,15.75
RIPE,US,386.4775,1.25
RIPE,US,198.40975,8.25
RIPE,US,309.04175,14.25
RIPE,US,112.355,12.75
RIPE,US,242.53075,15.75
RIPE,US,221.60625,21.5
RIPE,US,282.202,11.25
RIPE,US,167.82275,9.25
RIPE,US,180.804,15.0
RIPE,US,125.04,11.25
RIPE,US,127.0525,15.25
RIPE,US,139.46275,12.5
RIPE,US,96.539,14.25
RIPE,US,167.0165,12.75
RIPE,US,152.1505,8.5
RIPE,US,96.0395,14.75
RIPE,US,148.6415,15.75
RIPE,US,129.1175,13.5
RIPE,US,101.24025,21.5
RIPE,US,168.677,12.0
RIPE,US,103.60225,8.5
RIPE,US,104.91075,14.25
RIPE,US,167.57475,20.0
RIPE,US,150.06375,16.0
RIPE,US,150.19075,15.5
RIPE,US,150.702,15.75
RIPE,US,145.94275,12.25
RIPE,US,154.39375,15.25
RIPE,US,95.73125,18.25
RIPE,US,123.08075,14.25
RIPE,US,161.7505,13.25
RIPE,US,124.82125,20.0
RIPE,US,162.88325,13.25
RIPE,US,267.98825,11.25
RIPE,US,130.94275,7.25
RIPE,US,122.9615,13.5
RIPE,US,96.44575,12.75
RIPE,US,151.27925,16.0
RIPE,US,101.90875,17.5
RIPE,US,209.7445,1.5
RIPE,US,98.34025,18.5
RIPE,US,164.7055,18.5
RIPE,US,171.8605,13.5
RIPE,US,102.20125,16.5
RIPE,US,133.419,18.25
RIPE,US,169.33275,15.75
RIPE,US,173.61975,2.25
RIPE,US,132.7685,18.0
RIPE,US,279.83075,5.5
RIPE,US,229.33425,13.25
RIPE,US,289.9405,19.75
RIPE,US,303.54,19.75
RIPE,US,226.5305,11.0
RIPE,US,148.66925,13.5
RIPE,US,285.78425,4.25
RIPE,US,208.98775,14.75
RIPE,US,187.8305,16.25
RIPE,US,207.99475,9.5
RIPE,US,232.7605,20.25
RIPE,US,245.13825,9.75
RIPE,US,214.728,12.5
RIPE,US,233.847,13.25
RIPE,US,319.294,14.25
RIPE,US,243.48775,11.5
RIPE,US,150.341,1.0
RIPE,US,229.803,1.25
RIPE,US,181.64775,14.0
RIPE,US,325.30525,13.0
RIPE,US,221.22175,16.5
RIPE,US,168.57675,13.25
RIPE,US,150.437,16.5
RIPE,US,142.77425,15.5
RIPE,US,143.72575,15.75
RIPE,US,206.30875,17.0
RIPE,US,158.281,15.25
RIPE,US,226.92375,18.25
RIPE,US,165.0675,12.75
RIPE,US,302.81725,9.0
RIPE,US,254.93325,15.0
RIPE,US,172.2075,15.5
RIPE,US,214.1975,13.75
RIPE,US,95.0405,17.5
RIPE,US,116.51925,16.75
RIPE,US,137.40725,16.0
RIPE,US,115.74725,11.25
RIPE,US,115.713,15.0
RIPE,US,139.20475,14.0
RIPE,US,155.42325,13.5
RIPE,US,115.7235,16.25
RIPE,US,209.24975,6.25
RIPE,US,115.9125,13.25
RIPE,US,154.8845,16.5
RIPE,US,105.53425,17.5
RIPE,US,120.643,16.25
RIPE,US,179.231,11.25
RIPE,US,153.03,16.0
RIPE,US,147.32875,18.25
RIPE,US,169.6375,9.0
RIPE,US,108.60625,21.75
RIPE,US,153.7365,10.0
RIPE,US,165.403,12.25
RIPE,US,151.60825,16.25
RIPE,US,130.17775,19.75
RIPE,US,133.9125,11.5
RIPE,US,134.30125,16.25
RIPE,US,118.1585,12.25
RIPE,US,158.14325,12.75
RIPE,US,153.93225,11.25
RIPE,US,156.615,12.25
RIPE,US,107.35025,14.5
RIPE,US,249.42525,18.0
RIPE,US,97.433,15.0
RIPE,US,94.65725,16.25
RIPE,US,118.23375,12.75
RIPE,US,280.412,18.0
RIPE,US,132.33575,10.0
RIPE,US,118.562,19.25
RIPE,US,111.759,14.25
RIPE,US,89.078,17.0
RIPE,US,106.19475,15.5
RIPE,US,158.517,7.25
RIPE,US,152.63025,15.0
RIPE,US,158.45625,10.25
RIPE,US,147.68925,15.0
RIPE,US,123.50875,21.25
RIPE,US,150.89525,12.5
RIPE,US,111.62425,19.5
RIPE,US,147.703,15.5
RIPE,US,128.447,17.75
RIPE,VE,172.587,11.25
RIPE,VE,156.81175,11.5
RIPE,VE,183.48025,6.5
RIPE,VE,156.89975,8.25
RIPE,VE,151.85525,11.25
RIPE,VE,145.74075,13.5
RIPE,VE,159.434,8.25
RIPE,VE,160.0535,9.25
RIPE,VE,157.2535,17.25
RIPE,VE,157.96075,9.0
RIPE,VE,144.1495,13.25
RIPE,VE,157.11775,8.25
RIPE,VE,159.439,8.25
RIPE,VE,180.27025,6.75
RIPE,VE,148.39775,17.25
RIPE,VE,204.8345,11.25
RIPE,VE,167.6325,11.5
RIPE,VE,148.8175,11.0
RIPE,VN,197.55475,16.25
RIPE,VN,216.24225,10.25
RIPE,VN,201.649,16.5
RIPE,VN,218.50375,10.25
RIPE,ZA,160.331,16.0
RIPE,ZA,220.56225,17.25
RIPE,ZA,158.8025,17.25
RIPE,ZA,165.7095,17.0
RIPE,ZA,163.8975,17.5
RIPE,ZA,192.41175,17.25
RIPE,ZA,160.64625,15.25
RIPE,ZA,186.154,14.75
RIPE,ZA,199.6855,17.25
RIPE,ZA,198.5995,20.5
RIPE,ZA,202.417,10.25
RIPE,ZA,199.65825,19.25
RIPE,ZA,192.9585,16.75
RIPE,ZA,193.22575,15.0
RIPE,ZA,194.7695,17.25
RIPE,ZA,184.62825,18.25
RIPE,ZA,194.067,16.75
RIPE,ZA,200.9125,20.5
RIPE,ZA,197.12875,14.75
RIPE,ZA,191.4405,17.5
RIPE,ZA,196.94325,9.75
RIPE,ZA,190.32775,19.25
RIPE,ZA,169.181,17.25
RIPE,ZA,201.4375,17.5
RIPE,ZA,192.02225,14.25
RIPE,ZA,170.596,18.0
RIPE,ZA,164.0415,17.5
RIPE,ZA,172.2115,15.25
RIPE,ZA,166.79425,17.75
RIPE,ZA,160.0905,16.5
RIPE,ZA,192.32925,17.25
Mullvad,AL,59.0305,1.0
Mullvad,AL,59.9845,1.0
Mullvad,AR,228.6495,1.0
Mullvad,AR,225.76,1.5
Mullvad,AT,47.44525,1.25
Mullvad,AT,41.38225,1.5
Mullvad,AT,43.697,1.25
Mullvad,AT,41.388,1.0
Mullvad,AT,42.42475,1.25
Mullvad,AU,254.20675,1.25
Mullvad,AU,258.7325,1.5
Mullvad,AU,252.79725,1.25
Mullvad,AU,293.169,1.0
Mullvad,AU,285.32825,1.25
Mullvad,AU,281.154,1.25
Mullvad,AU,263.4165,1.25
Mullvad,AU,260.467,1.0
Mullvad,AU,265.84925,1.25
Mullvad,AU,245.701,1.25
Mullvad,AU,224.46,1.25
Mullvad,AU,277.51675,19.5
Mullvad,AU,285.641,1.5
Mullvad,AU,284.29625,1.0
Mullvad,AU,290.21825,1.0
Mullvad,AU,269.0595,1.25
Mullvad,AU,264.18475,1.0
Mullvad,AU,260.61075,1.25
Mullvad,AU,265.09025,1.0
Mullvad,AU,297.96625,1.0
Mullvad,AU,277.687,1.25
Mullvad,AU,293.897,1.0
Mullvad,AU,284.38175,1.0
Mullvad,BE,29.52825,1.0
Mullvad,BE,28.17575,1.25
Mullvad,BE,29.3725,1.25
Mullvad,BG,58.251,1.25
Mullvad,BG,58.8925,1.25
Mullvad,BR,168.45975,1.0
Mullvad,BR,161.00325,1.5
Mullvad,BR,198.386,1.25
Mullvad,BR,197.94125,1.0
Mullvad,BR,209.3375,1.25
Mullvad,BR,212.48075,1.5
Mullvad,BR,237.22875,1.25
Mullvad,CA,114.47525,1.0
Mullvad,CA,95.33025,1.0
Mullvad,CA,94.92725,1.25
Mullvad,CA,97.72225,1.25
Mullvad,CA,171.85725,1.0
Mullvad,CA,93.87625,1.25
Mullvad,CA,112.488,1.0
Mullvad,CA,112.296,1.0
Mullvad,CA,98.60525,1.0
Mullvad,CA,95.6995,1.0
Mullvad,CA,95.35125,1.5
Mullvad,CA,97.42825,1.25
Mullvad,CA,95.08675,1.25
Mullvad,CA,93.7265,1.25
Mullvad,CA,100.61875,1.25
Mullvad,CA,97.93975,1.0
Mullvad,CA,106.64625,1.25
Mullvad,CA,107.974,1.0
Mullvad,CA,98.91325,1.5
Mullvad,CA,103.87575,1.25
Mullvad,CA,129.699,1.0
Mullvad,CA,97.58375,1.0
Mullvad,CA,99.469,1.0
Mullvad,CA,144.447,1.0
Mullvad,CA,143.75525,1.25
Mullvad,CA,153.53275,1.25
Mullvad,CA,168.0385,1.25
Mullvad,CA,151.0,1.25
Mullvad,CA,153.41,1.0
Mullvad,CH,36.16925,1.5
Mullvad,CH,33.416,1.0
Mullvad,CH,36.881,1.25
Mullvad,CH,36.73575,1.25
Mullvad,CH,38.54825,1.0
Mullvad,CH,40.5425,1.25
Mullvad,CH,44.5685,1.25
Mullvad,CH,43.49875,1.0
Mullvad,CH,44.41925,1.0
Mullvad,CH,38.8585,1.75
Mullvad,CH,38.76875,1.0
Mullvad,CH,42.19175,1.0
Mullvad,CH,42.76525,1.0
Mullvad,CH,41.11525,1.5
Mullvad,CL,201.253,1.0
Mullvad,CL,198.902,1.25
Mullvad,CO,174.4065,1.5
Mullvad,CO,199.194,1.25
Mullvad,CY,99.90975,1.0
Mullvad,CY,74.98725,1.25
Mullvad,CZ,45.39475,1.75
Mullvad,CZ,43.42225,1.0
Mullvad,CZ,42.95575,1.0
Mullvad,CZ,44.313,1.0
Mullvad,DE,39.66025,1.25
Mullvad,DE,38.39775,1.5
Mullvad,DE,38.57175,1.0
Mullvad,DE,38.58925,1.5
Mullvad,DE,36.5305,1.25
Mullvad,DE,38.5305,1.0
Mullvad,DE,39.8765,1.25
Mullvad,DE,38.11675,1.0
Mullvad,DE,38.99875,1.0
Mullvad,DE,37.68775,1.5
Mullvad,DE,40.45625,1.0
Mullvad,DE,29.29425,1.5
Mullvad,DE,28.3295,1.0
Mullvad,DE,28.2795,1.5
Mullvad,DE,27.94325,1.0
Mullvad,DE,32.6215,1.0
Mullvad,DE,26.616,1.25
Mullvad,DE,28.809,1.25
Mullvad,DE,29.28225,1.25
Mullvad,DE,29.06325,1.0
Mullvad,DE,33.197,1.0
Mullvad,DE,33.86325,1.5
Mullvad,DE,35.956,1.0
Mullvad,DE,35.56275,1.25
Mullvad,DE,36.82275,1.0
Mullvad,DE,37.1585,1.0
Mullvad,DE,35.4775,1.0
Mullvad,DE,30.752,1.5
Mullvad,DE,30.789,1.0
Mullvad,DE,31.30225,1.25
Mullvad,DK,34.719,1.0
Mullvad,DK,34.8035,1.25
Mullvad,DK,38.7305,1.0
Mullvad,DK,38.0465,1.0
Mullvad,DK,37.836,1.0
Mullvad,DK,36.16425,1.75
Mullvad,EE,59.5895,1.25
Mullvad,EE,51.16575,1.0
Mullvad,EE,48.78025,1.25
Mullvad,ES,59.32575,1.0
Mullvad,ES,49.3085,1.25
Mullvad,ES,46.021,1.25
Mullvad,ES,50.5915,1.25
Mullvad,ES,40.2515,1.0
Mullvad,ES,40.1385,1.25
Mullvad,ES,40.87775,1.0
Mullvad,ES,42.4195,1.0
Mullvad,ES,54.3225,1.0
Mullvad,ES,49.1655,1.25
Mullvad,FI,52.4315,1.5
Mullvad,FI,53.01625,1.0
Mullvad,FI,49.70275,1.0
Mullvad,FI,48.68725,1.25
Mullvad,FI,53.79825,1.5
Mullvad,FI,52.39375,1.25
Mullvad,FI,51.54825,1.0
Mullvad,FI,50.65825,1.0
Mullvad,FI,66.08325,1.5
Mullvad,FI,54.48975,1.0
Mullvad,FR,35.83875,1.0
Mullvad,FR,32.362,1.75
Mullvad,FR,38.98725,1.0
Mullvad,FR,37.98025,1.0
Mullvad,FR,26.99875,1.25
Mullvad,FR,26.567,1.5
Mullvad,FR,30.3025,1.0
Mullvad,FR,24.61825,1.5
Mullvad,FR,27.2505,1.0
Mullvad,FR,46.79875,1.0
Mullvad,FR,25.35575,1.0
Mullvad,FR,25.29675,1.0
Mullvad,FR,24.7475,1.25
Mullvad,FR,29.72075,1.0
Mullvad,FR,28.06475,1.0
Mullvad,GB,26.99425,1.25
Mullvad,GB,26.91425,1.0
Mullvad,GB,18.12425,1.75
Mullvad,GB,18.55725,1.25
Mullvad,GB,21.88775,1.0
Mullvad,GB,20.808,1.25
Mullvad,GB,19.40725,1.5
Mullvad,GB,21.342,1.0
Mullvad,GB,23.26925,1.0
Mullvad,GB,19.0545,1.0
Mullvad,GB,21.87125,1.0
Mullvad,GB,19.494,1.25
Mullvad,GB,19.11225,1.0
Mullvad,GB,21.45975,1.0
Mullvad,GB,22.351,1.0
Mullvad,GB,24.0275,1.25
Mullvad,GB,27.10675,1.0
Mullvad,GB,12.37675,1.5
Mullvad,GB,14.7815,1.25
Mullvad,GR,71.82075,1.0
Mullvad,GR,70.4125,1.25
Mullvad,HK,208.9675,1.25
Mullvad,HK,228.62275,1.5
Mullvad,HK,218.24825,1.0
Mullvad,HK,222.70925,1.0
Mullvad,HR,50.48325,1.25
Mullvad,HR,48.658,1.5
Mullvad,HU,53.2635,1.25
Mullvad,HU,55.1025,1.0
Mullvad,HU,50.94925,1.0
Mullvad,HU,51.94125,1.25
Mullvad,ID,194.347,1.75
Mullvad,ID,193.556,1.25
Mullvad,IE,29.4415,1.0
Mullvad,IE,31.3685,1.25
Mullvad,IE,32.06325,1.0
Mullvad,IL,73.8215,1.0
Mullvad,IL,75.6255,1.25
Mullvad,IL,75.78075,1.0
Mullvad,IT,46.7255,1.5
Mullvad,IT,54.466,1.5
Mullvad,IT,59.74675,1.0
Mullvad,IT,106.9545,1.0
Mullvad,IT,52.80625,1.25
Mullvad,IT,72.5315,1.25
Mullvad,IT,85.8685,1.25
Mullvad,JP,294.1815,1.0
Mullvad,JP,285.0995,1.0
Mullvad,JP,294.3515,1.25
Mullvad,JP,293.9285,1.25
Mullvad,JP,297.89775,1.25
Mullvad,JP,278.4245,1.0
Mullvad,JP,264.77675,1.0
Mullvad,JP,257.06475,1.25
Mullvad,JP,252.25775,1.0
Mullvad,MX,145.288,1.25
Mullvad,MX,164.2385,1.0
Mullvad,MX,157.06375,1.0
Mullvad,MX,148.22625,1.5
Mullvad,MY,265.16,1.0
Mullvad,MY,202.373,1.5
Mullvad,NG,122.69225,1.0
Mullvad,NG,123.4355,1.0
Mullvad,NL,32.49475,1.0
Mullvad,NL,27.118,1.5
Mullvad,NL,27.38875,1.25
Mullvad,NL,28.44975,1.0
Mullvad,NL,30.44775,1.0
Mullvad,NL,27.5845,1.25
Mullvad,NL,26.5735,1.5
Mullvad,NL,25.84475,1.25
Mullvad,NL,26.1575,1.25
Mullvad,NL,26.8025,1.25
Mullvad,NL,26.30725,1.5
Mullvad,NL,31.59925,1.0
Mullvad,NL,27.45475,1.0
Mullvad,NL,31.56275,1.5
Mullvad,NO,43.35275,1.0
Mullvad,NO,46.9955,1.0
Mullvad,NO,44.21875,1.0
Mullvad,NO,45.55075,1.25
Mullvad,NO,51.7745,1.0
Mullvad,NO,48.03075,1.0
Mullvad,NO,53.83425,1.25
Mullvad,NO,66.79775,1.0
Mullvad,NO,49.12325,1.75
Mullvad,NZ,299.1265,1.25
Mullvad,NZ,299.75025,1.0
Mullvad,NZ,304.71275,1.0
Mullvad,PE,182.16375,1.0
Mullvad,PE,188.04525,1.0
Mullvad,PH,238.878,1.0
Mullvad,PH,235.7995,1.0
Mullvad,PL,69.898,1.25
Mullvad,PL,49.9725,1.25
Mullvad,PL,55.50075,1.25
Mullvad,PL,67.914,1.25
Mullvad,PL,76.9285,1.0
Mullvad,PT,63.96425,1.25
Mullvad,PT,61.239,1.0
Mullvad,PT,60.03675,1.25
Mullvad,PT,57.459,1.0
Mullvad,RO,73.08775,1.5
Mullvad,RO,65.43825,1.5
Mullvad,RS,52.3605,1.25
Mullvad,RS,54.3095,1.5
Mullvad,SE,42.447,1.0
Mullvad,SE,47.63025,1.25
Mullvad,SE,42.63225,1.25
Mullvad,SE,43.892,1.5
Mullvad,SE,42.6455,1.0
Mullvad,SE,45.17425,1.0
Mullvad,SE,45.1135,1.0
Mullvad,SE,44.5855,1.0
Mullvad,SE,37.11,1.25
Mullvad,SE,37.19425,1.0
Mullvad,SE,40.7645,1.0
Mullvad,SE,37.5585,1.25
Mullvad,SE,37.13175,1.5
Mullvad,SE,36.334,1.25
Mullvad,SE,43.55225,1.5
Mullvad,SE,40.3595,1.0
Mullvad,SE,39.237,1.25
Mullvad,SE,38.47925,1.0
Mullvad,SE,37.99,1.25
Mullvad,SE,49.04925,1.0
Mullvad,SE,46.95,1.0
Mullvad,SE,48.85775,1.25
Mullvad,SE,49.24825,1.0
Mullvad,SE,46.37275,1.25
Mullvad,SE,45.523,1.0
Mullvad,SE,45.36625,1.5
Mullvad,SE,46.43375,1.25
Mullvad,SE,47.3135,1.0
Mullvad,SE,46.21775,1.5
Mullvad,SE,46.976,1.0
Mullvad,SE,48.334,1.0
Mullvad,SE,48.0835,1.5
Mullvad,SE,50.41125,1.0
Mullvad,SE,52.749,1.0
Mullvad,SE,48.027,1.0
Mullvad,SE,50.0365,1.5
Mullvad,SG,185.57575,1.25
Mullvad,SG,185.692,1.25
Mullvad,SG,184.20575,1.0
Mullvad,SG,222.707,1.25
Mullvad,SG,222.22125,1.25
Mullvad,SI,53.28975,1.0
Mullvad,SI,53.51725,1.25
Mullvad,SK,55.77075,1.0
Mullvad,SK,56.99975,1.0
Mullvad,TH,205.3505,1.5
Mullvad,TH,202.44025,1.0
Mullvad,TR,71.80625,1.0
Mullvad,TR,74.38925,1.0
Mullvad,UA,64.05,1.0
Mullvad,UA,65.3175,1.25
Mullvad,US,110.26725,1.25
Mullvad,US,110.439,1.25
Mullvad,US,107.9555,1.0
Mullvad,US,110.11525,1.25
Mullvad,US,111.884,1.0
Mullvad,US,107.38375,1.0
Mullvad,US,111.5465,1.5
Mullvad,US,215.0375,1.25
Mullvad,US,268.22875,1.25
Mullvad,US,327.475,1.0
Mullvad,US,243.00825,1.0
Mullvad,US,215.03675,1.25
Mullvad,US,338.87875,1.0
Mullvad,US,210.94,1.0
Mullvad,US,257.6905,1.25
Mullvad,US,126.355,1.25
Mullvad,US,144.024,1.5
Mullvad,US,197.468,1.0
Mullvad,US,291.00725,1.5
Mullvad,US,278.63525,1.0
Mullvad,US,343.77475,1.25
Mullvad,US,324.683,1.75
Mullvad,US,307.3985,1.25
Mullvad,US,245.89875,1.0
Mullvad,US,302.00875,1.0
Mullvad,US,215.35625,1.25
Mullvad,US,282.271,1.0
Mullvad,US,202.20575,1.0
Mullvad,US,216.77175,1.0
Mullvad,US,192.71075,1.25
Mullvad,US,422.27675,1.25
Mullvad,US,485.8755,1.0
Mullvad,US,110.37975,1.0
Mullvad,US,199.18775,1.5
Mullvad,US,340.9495,1.0
Mullvad,US,246.5715,1.25
Mullvad,US,388.5595,1.0
Mullvad,US,468.7475,1.25
Mullvad,US,232.986,1.0
Mullvad,US,276.928,1.25
Mullvad,US,278.041,1.0
Mullvad,US,222.42175,1.5
Mullvad,US,137.939,1.5
Mullvad,US,142.00775,1.25
Mullvad,US,261.999,1.75
Mullvad,US,187.289,1.25
Mullvad,US,168.86125,1.5
Mullvad,US,119.235,1.0
Mullvad,US,127.7325,1.0
Mullvad,US,165.53475,1.0
Mullvad,US,287.819,1.0
Mullvad,US,174.91725,1.25
Mullvad,US,169.82625,1.0
Mullvad,US,133.64725,1.0
Mullvad,US,136.1265,1.5
Mullvad,US,133.722,1.25
Mullvad,US,171.5335,1.0
Mullvad,US,159.98075,1.0
Mullvad,US,127.77725,1.0
Mullvad,US,120.6235,1.5
Mullvad,US,123.21675,1.0
Mullvad,US,121.728,1.25
Mullvad,US,156.6095,1.25
Mullvad,US,157.059,1.25
Mullvad,US,156.3835,1.0
Mullvad,US,156.086,1.25
Mullvad,US,155.728,1.0
Mullvad,US,156.281,1.0
Mullvad,US,154.03975,1.75
Mullvad,US,158.7235,1.25
Mullvad,US,159.52675,1.0
Mullvad,US,155.735,1.75
Mullvad,US,156.59425,1.0
Mullvad,US,156.06625,1.25
Mullvad,US,154.715,1.0
Mullvad,US,157.8185,1.0
Mullvad,US,155.9755,1.5
Mullvad,US,159.2625,1.0
Mullvad,US,155.78525,1.25
Mullvad,US,160.82925,1.25
Mullvad,US,162.805,1.25
Mullvad,US,160.59125,1.0
Mullvad,US,154.32125,1.5
Mullvad,US,152.055,1.0
Mullvad,US,157.5575,1.0
Mullvad,US,158.386,1.25
Mullvad,US,155.56725,1.0
Mullvad,US,164.58175,1.0
Mullvad,US,166.1785,1.0
Mullvad,US,164.82775,1.25
Mullvad,US,151.92625,1.0
Mullvad,US,152.4155,1.0
Mullvad,US,162.17625,1.75
Mullvad,US,132.7875,1.75
Mullvad,US,139.7115,1.5
Mullvad,US,144.89075,1.5
Mullvad,US,123.057,1.25
Mullvad,US,129.87875,1.0
Mullvad,US,128.86175,1.25
Mullvad,US,119.96275,1.5
Mullvad,US,117.34475,1.25
Mullvad,US,117.04875,1.0
Mullvad,US,119.002,1.0
Mullvad,US,117.893,1.0
Mullvad,US,116.08,1.0
Mullvad,US,115.9545,1.0
Mullvad,US,115.42325,1.0
Mullvad,US,119.57675,1.25
Mullvad,US,119.0705,1.25
Mullvad,US,118.508,1.0
Mullvad,US,116.59175,1.0
Mullvad,US,117.0855,1.25
Mullvad,US,88.8525,1.0
Mullvad,US,89.7275,1.75
Mullvad,US,89.10425,2.0
Mullvad,US,87.0655,1.0
Mullvad,US,91.299,1.5
Mullvad,US,90.78625,1.0
Mullvad,US,91.358,1.0
Mullvad,US,91.8555,1.0
Mullvad,US,91.665,1.25
Mullvad,US,92.39525,1.0
Mullvad,US,90.729,1.0
Mullvad,US,91.27575,1.0
Mullvad,US,92.2235,1.0
Mullvad,US,110.28575,1.0
Mullvad,US,114.489,1.0
Mullvad,US,113.30175,1.5
Mullvad,US,87.436,1.0
Mullvad,US,90.2615,1.0
Mullvad,US,90.02975,1.0
Mullvad,US,88.735,1.25
Mullvad,US,92.00075,1.0
Mullvad,US,87.414,1.5
Mullvad,US,140.46,1.0
Mullvad,US,145.30175,1.0
Mullvad,US,144.4145,1.0
Mullvad,US,142.93275,1.25
Mullvad,US,142.98625,1.0
Mullvad,US,142.74775,1.0
Mullvad,US,143.1235,1.0
Mullvad,US,142.6975,1.0
Mullvad,US,96.088,2.0
Mullvad,US,97.51975,1.75
Mullvad,US,96.58,1.5
Mullvad,US,93.0835,1.0
Mullvad,US,94.42975,1.25
Mullvad,US,95.241,1.0
Mullvad,US,93.4375,1.0
Mullvad,US,93.8845,1.0
Mullvad,US,93.80575,1.0
Mullvad,US,94.33575,1.0
Mullvad,US,102.539,1.75
Mullvad,US,99.105,1.0
Mullvad,US,95.39525,1.0
Mullvad,US,95.9045,1.25
Mullvad,US,109.78375,1.0
Mullvad,US,108.38825,1.0
Mullvad,US,110.99025,1.25
Mullvad,US,111.52525,1.0
Mullvad,US,108.27325,1.0
Mullvad,US,107.73825,1.0
Mullvad,US,109.2695,1.25
Mullvad,US,167.146,1.0
Mullvad,US,147.4205,1.5
Mullvad,US,147.85575,1.0
Mullvad,US,152.94125,1.0
Mullvad,US,154.88625,1.0
Mullvad,US,152.89475,1.25
Mullvad,US,154.701,1.0
Mullvad,US,152.4405,1.5
Mullvad,US,159.389,1.25
Mullvad,US,155.511,2.0
Mullvad,US,150.21775,1.0
Mullvad,US,152.6075,1.25
Mullvad,US,154.9215,1.5
Mullvad,US,153.5905,1.0
Mullvad,US,153.3915,1.0
Mullvad,US,149.19525,1.0
Mullvad,US,148.85625,1.5
Mullvad,US,147.146,1.0
Mullvad,US,146.38175,1.0
Mullvad,US,150.09275,1.75
Mullvad,US,150.402,1.0
Mullvad,US,146.9105,1.0
Mullvad,US,149.2165,1.0
Mullvad,US,139.981,1.25
Mullvad,US,138.52275,1.25
Mullvad,US,140.114,1.0
Mullvad,US,139.55125,1.5
Mullvad,US,132.6075,1.0
Mullvad,US,132.39575,1.0
Mullvad,US,132.9745,1.0
Mullvad,US,131.60675,1.0
Mullvad,US,132.88975,1.25
Mullvad,US,133.87525,1.25
Mullvad,US,133.42875,1.0
Mullvad,US,130.78475,1.25
Mullvad,US,127.66425,1.25
Mullvad,US,84.312,1.25
Mullvad,US,87.98725,1.25
Mullvad,US,93.259,1.0
Mullvad,US,102.51,1.25
Mullvad,ZA,202.61225,1.75
Mullvad,ZA,216.9225,1.5
